2022-06-19 23:59:00+00:00,1538672728127033344,b'Art Deco #Vintage #Wedding Band Ring 14K #Gold https://t.co/CGEmS0TTWg #ecochic #Jewelry',boylerpf
2022-06-19 23:58:15+00:00,1538672540637401089,"b'Him: She right\nMe: Yeah, I know. \xf0\x9f\x98\x89\xf0\x9f\x98\x98\n#Beyonce #Ivypark #Addidas #NewYork #soho #Black #Gold #juneteenth2022\xe2\x80\xa6 https://t.co/GSyGLDIsPt'",seyvenroses
2022-06-19 23:57:48+00:00,1538672428380995584,b'\xf0\x9f\x94\xa5Lot of 10 - 2022 1/10 oz Gold American Eagle $5 Coin BU\xf0\x9f\x94\xa5 #gold #goldbullion @goldexchangenyc  https://t.co/Ks1WfJHJ1Z',HiTicketBullion
2022-06-19 23:56:28+00:00,1538672090743808000,b'@ElSalvadorBTC_ @elonmusk @Tesla Just wait. It will be worth the #Silver &amp; #GOLD he can get @FreeMarketOne https://t.co/fDVE17AAGw',x_rhodium
2022-06-19 23:56:23+00:00,1538672072385503232,b'RT @saylor: #Gold is plentiful. #Bitcoin is scarce. https://t.co/jYh8P3iPrv',johnescy
2022-06-19 23:55:11+00:00,1538671770370187265,b'RT @GoldTelegraph_: JANET YELLEN SAYS ELEVATED UNITED STATES INFLATION LOCKED IN FOR THE REST OF 2022\n\n1. \xe2\x80\x9cNo financial crisis in our lifet\xe2\x80\xa6',Greg29826331
2022-06-19 23:54:02+00:00,1538671480078315525,b'RT @Bitcoin: #Gold proving in the market that it is still the ultimate form of payment. https://t.co/jICcEHhOqA',Dennis_Porlter_
2022-06-19 23:53:44+00:00,1538671405289439232,b'RT @ani_digital: Olympic champion Neeraj Chopra clinches gold in Kuortane Games\n\nRead @ANI Story | https://t.co/OEFXwcN3C6\n\n#NeerajChopra #\xe2\x80\xa6',CharanS12633796
2022-06-19 23:52:30+00:00,1538671092209840128,"b'@XRPBags double stoked on this...#XRP up front, stacks of #Silver #Gold in the back \xf0\x9f\x91\x8d\xf0\x9f\x91\x8d'",StellarHash
2022-06-19 23:51:56+00:00,1538670952774762496,"b'RT @PeterSchiff: In Dec. of 2017 #Bitcoin hit a high of just below $20K. Bitcoin has been dead ""money"" for the past 4 1/2 years, as its cur\xe2\x80\xa6'",KingSmartist
2022-06-19 23:51:17+00:00,1538670787414065154,b'Chart looks really interesting here. Could be a nice bounce. #gold #Futures #GLD https://t.co/70gGkSr9Im',nellisoncrypto
2022-06-19 23:51:02+00:00,1538670724872916999,"b'#Bitcoin $BTC\nat the current prices of $20,504\ncan BUY 11.85 ounces of #Gold\nit may BUY 50 one day\xf0\x9f\x9a\x80\n\nPeter Schiff should be worried'",DCA_Cryptoz
2022-06-19 23:49:50+00:00,1538670421645529088,b'Elegant and fashion forward #designer #fashion #chic #unique #pearls #gold #modern #feminine #events #summer\xe2\x80\xa6 https://t.co/wcwcpvOeEU',jwlsjustforyou
2022-06-19 23:49:43+00:00,1538670393032073217,"b'RT @DigPerspectives: #Boom #crypto and #gold isn`t about one or the other,it`s about both. Don`t believe it,it`s still true!\n#gold #xrp #xl\xe2\x80\xa6'",mph92681
2022-06-19 23:49:01+00:00,1538670216103739394,b'RT @maneco1964: #Gold as an #inflation hedge in 2022: +3% YTD\n#Bitcoin as an #inflation hedge in 2022: -61% YTD',ClaudeVincent
2022-06-19 23:48:26+00:00,1538670069919514624,b'$GSM \n\nAir-core drilling has commenced at the Four Mile Well #Gold Project north of Laverton\n\n1200m drill program a\xe2\x80\xa6 https://t.co/6pu19zWD81',SalvadorMaurice
2022-06-19 23:48:05+00:00,1538669982351081473,b'RT @GoElementUnited: 83 MILLION tons of CO2 is a lot of gas. And people say the #blockchain is all hot air. Get ready for an elemental chan\xe2\x80\xa6',DKasteler
2022-06-19 23:47:41+00:00,1538669880077176832,b'#Gold Road #Resources #GOR $GOR.ax now hold in excess of the required 80% acceptances for their takeover for DGO.\xe2\x80\xa6 https://t.co/VkNzIcBTsi',CityInvestorsCi
2022-06-19 23:47:32+00:00,1538669844610297856,b'$GTR 1.5c = #Uranium Hunter/developer in USA \nSells its #Gold resources to #R8R = 5m shares at 20c https://t.co/rOOb0JJhW1',MrBreakouts
2022-06-19 23:47:14+00:00,1538669767095197696,"b'RT @DocumentingBTC: After Satoshi Nakamoto posted this 12 years ago today,\n\n35,700 tons of #gold have been found, $13 trillion #dollars hav\xe2\x80\xa6'",yanique_a
2022-06-19 23:47:11+00:00,1538669754289905667,b'RT @StigvdA: To all owners of physical #silver and #gold have fun staying wealthy.',Greg29826331
2022-06-19 23:46:57+00:00,1538669698903965696,b'@TexFutures @markones111_ Aron if you cherry pick then from 2011-2020 we were in tech/crypto bull run. Furthermore\xe2\x80\xa6 https://t.co/t9wvOGofl9',TheNewAmerica77
2022-06-19 23:46:43+00:00,1538669636136345600,b'RT @Jackiie106: New \nCitrine stone bracelet \xf0\x9f\x92\x9b\xf0\x9f\x94\x86\nAvailable now on my shop! \n  #handmadejewelry #handmade #gemstones #stone #citrine #citrines\xe2\x80\xa6',dun_oyin
2022-06-19 23:46:42+00:00,1538669633762385920,b'Love is priceless \n@minigrinlv https://t.co/XjINxL8wXJ   \n#giacertified #giadiamond #gold #goldbars #goldjewlery\xe2\x80\xa6 https://t.co/66uHk3TlUL',freesiaosdeal
2022-06-19 23:46:41+00:00,1538669630847434752,b'RT @Crypto____World: Apollo Fintechs $GSX claiming $2.16 trillion Dollars in copper ore. \nReported to back up token. \n\nGold Secured Currenc\xe2\x80\xa6',Bourke372Paddy
2022-06-19 23:45:38+00:00,1538669365788217344,b'$WGX \n\nHIGH-GRADE #GOLD INTERCEPTS AT NEW SOVEREIGN REEF DISCOVERY\n\nFirst assays from new Sovereign Reef discovery\xe2\x80\xa6 https://t.co/DU6xxkO9Vb',SalvadorMaurice
2022-06-19 23:45:38+00:00,1538669365171716096,b'#GOLD #XAUUSD Technical Outlook &amp; Forecast For Next Week \xf0\x9f\xa5\x87\n#futurestrading https://t.co/d9s4sDR7Qc',VasilyTrader
2022-06-19 23:44:39+00:00,1538669118789980160,b'RT @TrifectaGold: #Gold in #Nevada: The Real Golden State. Click here to see this interesting infographic by Visual Capitalist showing a ti\xe2\x80\xa6',goldmapinfo
2022-06-19 23:43:43+00:00,1538668883275501568,"b'@KevinSvenson_ @PeterSchiff $GOLD pamp to $1,920 in Sep 2011.\n\n@PeterSchiff damp his bags on retail.\n\n#GOLD nukes t\xe2\x80\xa6 https://t.co/HNeUFJ4Fjk'",RekTradinCrypto
2022-06-19 23:42:04+00:00,1538668468211372032,"b'RT @DocumentingBTC: After Satoshi Nakamoto posted this 12 years ago today,\n\n35,700 tons of #gold have been found, $13 trillion #dollars hav\xe2\x80\xa6'",Tururuwey
2022-06-19 23:42:02+00:00,1538668460904960000,"b'Live #goldprice for spot #Gold trading $1842.3 USD, lower by $1.2 or 0.07% on the day - https://t.co/5uLAkFXPiz'",ausecure
2022-06-19 23:41:55+00:00,1538668432052613120,"b""RT @cejaykim: For everyone saying #gold only moved because of the Russia/Ukraine conflict, it hasn't really done anything. From RBC, a cool\xe2\x80\xa6""",strength_giveme
2022-06-19 23:41:50+00:00,1538668410279563264,b'RT @saylor: #Gold is plentiful. #Bitcoin is scarce. https://t.co/jYh8P3iPrv',Tururuwey
2022-06-19 23:41:28+00:00,1538668317543636994,b'Not true. It\xe2\x80\x99s Fools #Gold check the news updates https://t.co/MZJflUp6fu',mcarew56
2022-06-19 23:41:18+00:00,1538668274027794432,b'RT @GoldTelegraph_: JANET YELLEN SAYS ELEVATED UNITED STATES INFLATION LOCKED IN FOR THE REST OF 2022\n\n1. \xe2\x80\x9cNo financial crisis in our lifet\xe2\x80\xa6',proxmire10
2022-06-19 23:40:05+00:00,1538667967398834177,b'RT @DaveProspector: $PSL.AX \nYes Imminent plus 5.\n**buy** DD &amp; DYOR.\n#Gold #ASX #lithium #Pilbara',JustInTime56
2022-06-19 23:39:11+00:00,1538667740545818624,b'RT @maneco1964: #Gold as an #inflation hedge in 2022: +3% YTD\n#Bitcoin as an #inflation hedge in 2022: -61% YTD',ChatayTheMan
2022-06-19 23:37:37+00:00,1538667348848267267,b'RT @dianesclothes: Excited to share the latest addition to my #etsy shop: Vintage Signed Richelieu Faux Pearl Necklace With Gold Roses http\xe2\x80\xa6',dianesclothes
2022-06-19 23:36:05+00:00,1538666964113051648,"b'RT @hajiyev_rashad: #Gold (XAUUSD, $1,839) presently forming a similar pattern that it formed 15 months ago. \nHaving formed a double bottom\xe2\x80\xa6'",bobfrom_twd
2022-06-19 23:35:01+00:00,1538666693454618625,b'#Gold IRA is a #retirement account that allows you to invest in physical gold. It is important to choose a reputabl\xe2\x80\xa6 https://t.co/E2lKtkHduX',BizPartnerMag
2022-06-19 23:34:17+00:00,1538666510847471616,b'$VMM @Viridis_VMM Nice little sub 10millmc WA #Gold play. Excellent top 20 also \xf0\x9f\x91\x8f https://t.co/qJeGByF0Fm',APKJM
2022-06-19 23:34:10+00:00,1538666481399091201,b'@davidgokhshtein It is for #GOLD1 holders\n#GOLD',chaindasher
2022-06-19 23:34:08+00:00,1538666473417281536,b'RT @SamsonLi7: #Gold stocks at lowest valuation vs physical ever in 2021 &amp; 22...The market acted like last week &amp; the US inflation was a su\xe2\x80\xa6',therealdrmax
2022-06-19 23:34:05+00:00,1538666457520779265,b'Fun Shorting Bitcoin - 20220619 #XIU.TO #Gold #Bitcoin #SPY #SPXS #QQQ #VIX #SQQQ #Crude_Oil #Natural_Gas https://t.co/b2OUWEyyJT',Market_Timer
2022-06-19 23:33:00+00:00,1538666186145009665,"b""$RIE\n\nRIEDEL RETURNS MORE HIGH-GRADE #GOLD &amp; #SILVER ASSAYS AT TINTIC\n\nResults continue to grow Tintic's large and\xe2\x80\xa6 https://t.co/64IVPhVBwJ""",SalvadorMaurice
2022-06-19 23:32:04+00:00,1538665950043570177,"b""@BLangbets $17k .... its going to $12k, damn.\n#BTC ain't #gold #oil or #grain. https://t.co/Z9rV8OKssu""",SidTheSloth888
2022-06-19 23:30:22+00:00,1538665525168877568,"b'$COD\n\nAssays Confirm New #Bornite Zone at Emmie I0CG\n\nAssays confirm new, geologically distinct, copper-rich bornit\xe2\x80\xa6 https://t.co/olriuVwQNl'",SalvadorMaurice
2022-06-19 23:29:31+00:00,1538665309888184320,b'Also came across this for those correlating #gold and US #inflation - covers the period 1972 to 1982 - ppl have for\xe2\x80\xa6 https://t.co/6RfG6kCppV',Eagleresa
2022-06-19 23:27:32+00:00,1538664810375675904,"b""RT @CultureTibet: Here's an absolutely #stunning portrait of a #Tibetan girl adorned in pure Tibetan #jewelry.  Happy #weekend \n#Gold #turq\xe2\x80\xa6""",Japan_isNumber1
2022-06-19 23:26:56+00:00,1538664659208744960,b'$NML\n\nTELSTRA HILL DRILLING DELIVERS\nFURTHER HIGH-GRADE #GOLD RESULTS\n\nPEAK INTERCEPT OF 95.2 g/t GOLD CONFIRMS OUT\xe2\x80\xa6 https://t.co/a7h59Zqv2h',SalvadorMaurice
2022-06-19 23:24:07+00:00,1538663952124903424,b'RT @MrBreakouts: MSM = Fake #Media = Fools #Gold https://t.co/eUkWcGuXCk',Petwanz
2022-06-19 23:22:23+00:00,1538663513622777859,b'RT @LimitedWestgold: New discovery at Sovereign Reef #gold #westgold #discovery \nhttps://t.co/m26CpNUcYI',ausgoldindustry
2022-06-19 23:21:55+00:00,1538663399055413248,b'Check out my item listing on @OpenSea!  https://t.co/Hp3GfgczgI #CryptoCurrencies #Bitcoin #Ethereum #NFT #NFTs\xe2\x80\xa6 https://t.co/mc2sJ7f1Wy',MaximilianLex4
2022-06-19 23:19:13+00:00,1538662718777233408,b'@t6553gw @TOzgokmen Reminds me of the Aden Sisters forecast - which didn\xe2\x80\x99t happen- and the accompanying text - that\xe2\x80\xa6 https://t.co/9QZmJXD4U0',Eagleresa
2022-06-19 23:16:08+00:00,1538661942763692033,b'RT @888Velvet: What is the best risk/reward investment at these levels @PeterSchiff? \n\n#Gold or #bitcoin? https://t.co/RDUgUKbT3e',DimensionX1980
2022-06-19 23:16:08+00:00,1538661940280676352,b'Natural Gas Approaching Major Zone | Gold | Crude Oil | Technical Analysis\nhttps://t.co/2ELurV7iD8 #natgas #Gold #crudeoil',MarkersMoney
2022-06-19 23:15:50+00:00,1538661865236176896,"b'RT @BTCTN: A spokesperson from Uganda\xe2\x80\x99s Ministry of Energy and Mineral Development said there\xe2\x80\x99s an estimated 320,158 tonnes of refined #gol\xe2\x80\xa6'",marciasgreen
2022-06-19 23:14:33+00:00,1538661542769704965,"b""\xe2\x9c\x85 Aircore #drilling has begun at $GSM's Four Mile Well #Gold project \n\xe2\x9c\x85 1200m program to test multiple gold targets\xe2\x80\xa6 https://t.co/OVssCRspnO""",MiningState
2022-06-19 23:13:57+00:00,1538661391661416449,b'KitcoGoldQuotes: https://t.co/OXfmGXVqcO 19:00 EDT\n\n#GOLD: 1838.90 / 1839.90 | -0.90 | -0.05%\n#SILVER: 21.61 / 21.7\xe2\x80\xa6 https://t.co/a1uyMyv1wg',KyCandJ
2022-06-19 23:13:27+00:00,1538661267216506880,"b'RT @PeterSchiff: In Dec. of 2017 #Bitcoin hit a high of just below $20K. Bitcoin has been dead ""money"" for the past 4 1/2 years, as its cur\xe2\x80\xa6'",marciasgreen
2022-06-19 23:12:02+00:00,1538660908045676544,"b'Live #goldprice for spot #Gold trading $1842.3 USD, lower by $1.2 or 0.07% on the day - https://t.co/tORWt3qjxj'",ausecure
2022-06-19 23:11:50+00:00,1538660859995643905,b'RT @GoldTelegraph_: JANET YELLEN SAYS ELEVATED UNITED STATES INFLATION LOCKED IN FOR THE REST OF 2022\n\n1. \xe2\x80\x9cNo financial crisis in our lifet\xe2\x80\xa6',AmexemSports
2022-06-19 23:09:39+00:00,1538660310944464896,b'A handfull of gold\n.\n.#handbridge #hands #gold #bridge #banahills #arch #architecture #art #sunworld #resort\xe2\x80\xa6 https://t.co/oOnI7967kH',askdrz
2022-06-19 23:08:43+00:00,1538660074465402885,b'Check out 1997 ProMint #MLB 22 Karat #Gold Cards (10) w/ COA for each card!\n#baseballcards #sportscards\xe2\x80\xa6 https://t.co/qkTlWE6BRS',O8R13N11
2022-06-19 23:08:39+00:00,1538660057700651008,"b'RT @DocumentingBTC: After Satoshi Nakamoto posted this 12 years ago today,\n\n35,700 tons of #gold have been found, $13 trillion #dollars hav\xe2\x80\xa6'",DYuniarta
2022-06-19 23:08:00+00:00,1538659896035508224,"b'#GOLD, the price for Gold is expected to rise after we have been In a bearish (WXY) correction, wich showed a well\xe2\x80\xa6 https://t.co/9CyD6rGOJD'",forexcalculato
2022-06-19 23:05:13+00:00,1538659194785607680,"b""RT @AilsaForshaw: Well here's my favorite Gold Strappy High Heel Shoes! \nSo Pretty!\nFun to look at #lol! \n#Niacin Flush heats up your syste\xe2\x80\xa6""",AilsaForshaw
2022-06-19 23:02:29+00:00,1538658508048048130,b'RT @888Velvet: What is the best risk/reward investment at these levels @PeterSchiff? \n\n#Gold or #bitcoin? https://t.co/RDUgUKbT3e',Club_664
2022-06-19 23:00:17+00:00,1538657953556975616,b'JP Morgan Chase: Tight supplies and low inventories could send commodities soaring this year.\xe2\x80\xa6 https://t.co/ZnwY5YkTMO',pmi_ky
2022-06-19 23:00:06+00:00,1538657905192316928,b'RT @maneco1964: #Gold as an #inflation hedge in 2022: +3% YTD\n#Bitcoin as an #inflation hedge in 2022: -61% YTD',fitch_shaun
2022-06-19 23:00:02+00:00,1538657888830648320,b'New discovery at Sovereign Reef #gold #westgold #discovery \nhttps://t.co/m26CpNUcYI',LimitedWestgold
2022-06-19 23:00:01+00:00,1538657886074707968,b'Streaming #Gold $1842.5 -$1/0.05% #Silver $21.77 -$0.03/0.14% #Platinum $940.2 +$1.9/0.2% #Palladium $1843.1 +$2.5/0.14%',ausecure
2022-06-19 22:58:59+00:00,1538657625000255491,"b'RT @DocumentingBTC: After Satoshi Nakamoto posted this 12 years ago today,\n\n35,700 tons of #gold have been found, $13 trillion #dollars hav\xe2\x80\xa6'",BullyBearCCC
2022-06-19 22:58:05+00:00,1538657397643804672,"b""Tim Mason, CEO of @eagle_mining, talks to @StockheadAU about the Company's latest activities.\n\n\xf0\x9f\x93\xbd\xef\xb8\x8f Watch:\xe2\x80\xa6 https://t.co/vrcwRpmDdT""",eagle_mining
2022-06-19 22:57:32+00:00,1538657262025285633,b'RT @mining_charts: This is a scenario where gold does really well. #gold $gold $gld $gdx $gdxj',TheDragon_44
2022-06-19 22:56:47+00:00,1538657071281094656,"b""$EM2 - Tim Mason, CEO of @eagle_mining, talks to @StockheadAU about the Company's latest activities.\n\n\xf0\x9f\x93\xbd\xef\xb8\x8f Watch:\xe2\x80\xa6 https://t.co/E8IW5o4p1O""",JMM_Australia
2022-06-19 22:56:42+00:00,1538657050607161344,"b'RT @million_or_moon: After substantial consideration, I have updated my investment strategy moving forward to more heavily weight:\n\nEven th\xe2\x80\xa6'",Sharkfinancial_
2022-06-19 22:55:01+00:00,1538656628739780608,b'Current Silver spot price: $21.63 #silver #gold #silverprice #goldprice 06/19/2022 06:54:28',GoldenStateMint
2022-06-19 22:55:01+00:00,1538656628450410499,"b'All these ways will get you a return on your #investment, but some are easier to invest in than others. Do your res\xe2\x80\xa6 https://t.co/gs38OddJMI'",Hinshelwood_S
2022-06-19 22:55:00+00:00,1538656623203262464,"b'RT @AtonResources: @AtonResources CEO Tonno Vahk, discusses Egypt and Aton from the floor at PDAC\n\nhttps://t.co/xfJ6z0Ce60\n\n#egypt #gold #m\xe2\x80\xa6'",morham_bm
2022-06-19 22:54:46+00:00,1538656564764090370,b'@Convertbond Lawrence I hate saying this but you just described my #gold and #silver positions since 2006 coming ou\xe2\x80\xa6 https://t.co/mNpbKDnx1D',TomFisher37
2022-06-19 22:54:01+00:00,1538656375840317440,"b'RT @mykiedydss: \xf0\x9f\x9a\xa8 New TikTok Video! \xf0\x9f\x9a\xa8 \n\n\xf0\x9f\xaa\x99\xf0\x9f\x91\x80 Stacking Recognizable Silver Coins, Rounds, &amp; Bars! \n\n#silver #gold #preciousmetals #money #weal\xe2\x80\xa6'",OfficeSutra
2022-06-19 22:53:27+00:00,1538656233468612608,"b'Thanks Arsubkh https://t.co/5dBvgAN8o7 for following #MasterMetals! This is the place for all your #Gold, #Silver,\xe2\x80\xa6 https://t.co/XcH3gaKUeB'",MasterMetals
2022-06-19 22:53:19+00:00,1538656201361195010,b'RT @saylor: #Gold is plentiful. #Bitcoin is scarce. https://t.co/jYh8P3iPrv',TeruyoToikka
2022-06-19 22:50:36+00:00,1538655517291294721,b'RT @888Velvet: What is the best risk/reward investment at these levels @PeterSchiff? \n\n#Gold or #bitcoin? https://t.co/RDUgUKbT3e',MarsOutside
2022-06-19 22:48:24+00:00,1538654964284792834,b'RT @MaximilianLex4: Two warriors fighting colossal battle!\n#CryptoCurrencies #Bitcoin #Ethereum #NFT #NFTs #NFTCommunity #OtherEconomy #Otr\xe2\x80\xa6',Shiplacc
2022-06-19 22:48:14+00:00,1538654922031235073,b'RT @ani_digital: Olympic champion Neeraj Chopra clinches gold in Kuortane Games\n\nRead @ANI Story | https://t.co/OEFXwcN3C6\n\n#NeerajChopra #\xe2\x80\xa6',Parvaiz20221202
2022-06-19 22:47:28+00:00,1538654726908166145,"b'Gold Price Forecast: XAU/USD reverses to near $1,840 despite higher odds of a hawkish July By @Sagar_Dua24\xe2\x80\xa6 https://t.co/bCpZsiBtbT'",FXStreetNews
2022-06-19 22:47:01+00:00,1538654615788478464,"b'Not know how to wear a skirt what the, entertainment be kind be thoughtful and.\n\n#competition #alcohol #bitcoin #gold #movies'",BetterScript
2022-06-19 22:45:54+00:00,1538654333910126593,"b""Due to the U.S. June Day holiday, the U.S. stock market is closed for one day today, CME's precious metals, U.S. cr\xe2\x80\xa6 https://t.co/AShHX9iIKz""",laura_forex
2022-06-19 22:43:56+00:00,1538653837019336704,"b'RT @Justvintage4u: Gold Ormolu Perfume Bottle, Stylebuilt 24k Gold Plated, Ornate Floral Filigree with Beveled Glass, Unique Vintage Holida\xe2\x80\xa6'",CozyAtoZ
2022-06-19 22:42:40+00:00,1538653520097951746,"b'RT @mykiedydss: \xf0\x9f\x9a\xa8 New TikTok Video! \xf0\x9f\x9a\xa8 \n\n\xf0\x9f\xaa\x99\xf0\x9f\x91\x80 Stacking Recognizable Silver Coins, Rounds, &amp; Bars! \n\n#silver #gold #preciousmetals #money #weal\xe2\x80\xa6'",vasanrt
2022-06-19 22:42:36+00:00,1538653503136026624,"b""Well here's my favorite Gold Strappy High Heel Shoes! \nSo Pretty!\nFun to look at #lol! \n#Niacin Flush heats up your\xe2\x80\xa6 https://t.co/mynfqwmZxj""",AilsaForshaw
2022-06-19 22:42:30+00:00,1538653476930068487,"b""@goldthumb230 @ashwsbreal What's the utility of #gold? Doxxed? Liq locked?""",StaticAsset
2022-06-19 22:42:02+00:00,1538653359892209664,"b'Live #goldprice for spot #Gold trading $1843.5 USD, higher by +$0 or 0% on the day - https://t.co/Jw17K8b78s'",ausecure
2022-06-19 22:41:35+00:00,1538653248361402370,"b'RT @pegasusresinc: #Uranium price has been a solid #investment over the past 12 months, rising by 32% on the London Stock Exchange. https:/\xe2\x80\xa6'",bebold0071
2022-06-19 22:40:38+00:00,1538653007172317186,"b'\xf0\x9f\x9a\xa8 New TikTok Video! \xf0\x9f\x9a\xa8 \n\n\xf0\x9f\xaa\x99\xf0\x9f\x91\x80 Stacking Recognizable Silver Coins, Rounds, &amp; Bars! \n\n#silver #gold #preciousmetals\xe2\x80\xa6 https://t.co/5q7thrhQZs'",mykiedydss
2022-06-19 22:40:00+00:00,1538652850150064128,"b'RT @PSBlakely: 14kt Yellow Gold Twist Post Earrings, Classic earrings, Vintage earrings, everyday earrings https://t.co/ZynbQsBJl5 via @Ets\xe2\x80\xa6'",SympathyRTs
2022-06-19 22:37:42+00:00,1538652270472024064,b'I would love \xe2\x9d\xa4\xef\xb8\x8f to see the #Bitcoin bros explain two-way self assembly (without the need for #Gold \xe2\xad\x90\xef\xb8\x8f \xe2\x80\x94given it\xe2\x80\x99s i\xe2\x80\xa6 https://t.co/1bdJuH0WuI',_____JustMe__
2022-06-19 22:37:37+00:00,1538652248384974848,b'RT @cycle_strategy: $SLV Commercials used the dip in Silver to reduce their shorts further. Large speculators are getting more short. Thats\xe2\x80\xa6',Rob76543548
2022-06-19 22:37:12+00:00,1538652142495404032,b'RT @VJMS9: Excited to share the latest addition to my #etsy shop: Cell Phone Charm Dust Plug 3.5mm Audio Jack or Strap AB crystal Silver or\xe2\x80\xa6',yurt_report
2022-06-19 22:37:06+00:00,1538652117044445185,b'Excited to share the latest addition to my #etsy shop: Hummingbird Rhinestone Brooch or Necklace Pink Black and Cle\xe2\x80\xa6 https://t.co/jnQSTxCJhe',VJMS9
2022-06-19 22:36:37+00:00,1538651996563062784,b'Excited to share the latest addition to my #etsy shop: Cell Phone Charm Dust Plug 3.5mm Audio Jack or Strap AB crys\xe2\x80\xa6 https://t.co/fQdvBwTQTF',VJMS9
2022-06-19 22:36:36+00:00,1538651994746937344,"b'RT @MaximilianLex4: Warrior #Ethereum 1.142,77 USD +149,13 (15,01 %) \n#CryptoCurrencies #Bitcoin #Ethereum #NFT #NFTs #NFTCommunity #OtherE\xe2\x80\xa6'",0xDredge
2022-06-19 22:36:32+00:00,1538651975360954369,b'RT @888Velvet: What is the best risk/reward investment at these levels @PeterSchiff? \n\n#Gold or #bitcoin? https://t.co/RDUgUKbT3e',0x_kobe
2022-06-19 22:35:32+00:00,1538651724487053314,b'Sunday evening Futures are open for #trading #Currency #FX \n#USTreasury #Bonds\n#Equity #Stocks #Indexes \n#Energy\xe2\x80\xa6 https://t.co/rqT1ZVjbvL',eduWallStreet
2022-06-19 22:35:31+00:00,1538651721764831232,b'Two warriors fighting colossal battle!\n#CryptoCurrencies #Bitcoin #Ethereum #NFT #NFTs #NFTCommunity #OtherEconomy\xe2\x80\xa6 https://t.co/Gm2AK5WxPB',MaximilianLex4
2022-06-19 22:35:28+00:00,1538651706082353153,"b'RT @PeterSchiff: In Dec. of 2017 #Bitcoin hit a high of just below $20K. Bitcoin has been dead ""money"" for the past 4 1/2 years, as its cur\xe2\x80\xa6'",quietmoney98
2022-06-19 22:35:20+00:00,1538651674109173761,"b'RT @pegasusresinc: #Uranium price has been a solid #investment over the past 12 months, rising by 32% on the London Stock Exchange. https:/\xe2\x80\xa6'",RoyalsChance
2022-06-19 22:35:18+00:00,1538651664986607616,b'RT @GoldTelegraph_: JANET YELLEN SAYS ELEVATED UNITED STATES INFLATION LOCKED IN FOR THE REST OF 2022\n\n1. \xe2\x80\x9cNo financial crisis in our lifet\xe2\x80\xa6',GienekNagi
2022-06-19 22:35:17+00:00,1538651662658981888,"b'Excited to share the latest addition to my #etsy shop: Eyeglass/Sunglasses Chain, Holder 16, 26 or 36"" White Pearls\xe2\x80\xa6 https://t.co/i7wBtE5fe5'",VJMS9
2022-06-19 22:35:07+00:00,1538651621055467520,b'RT @SuperInvestor11: #tern TERN PLC own @DeviceAuthority.\nTERN PLC will be #MultiBagger !!!\n#innoavtion #VR #AR #DigitalMarketing #Airdrop\xe2\x80\xa6',AaronCuddeback
2022-06-19 22:35:07+00:00,1538651618807320577,b'\xf0\x9f\xaa\x99 10 gram Gold Bar - Perth Mint - 99.99 Fine in Assay #gold #goldbullion #goldismoney https://t.co/PtfVHkiPM7',HiTicketBullion
2022-06-19 22:34:53+00:00,1538651560665919488,"b'RT @mining_charts: Ask yourself, Are we free today ? And are things continuing to get worse? #inflation #taxes #stagflation #freedom #canad\xe2\x80\xa6'",Gg19250544
2022-06-19 22:34:47+00:00,1538651534660993025,"b'@hajiyev_rashad Candles say the other way around, but what do they know.\n#gold @markets #markets #commodities \n\nhttps://t.co/hi97Agx0jA'",InvestingAngles
2022-06-19 22:34:41+00:00,1538651510011269122,b'Excited to share the latest addition to my #etsy shop: White Face Mask Chain Holder Lanyard Jewelry Seed Bead Preci\xe2\x80\xa6 https://t.co/k5uJlGTIws',VJMS9
2022-06-19 22:34:03+00:00,1538651351336484866,"b'Excited to share the latest addition to my #etsy shop: Face Mask Chain Little ""Bling"" White Pearls and Gold Disco B\xe2\x80\xa6 https://t.co/FoWQRCO2NK'",VJMS9
2022-06-19 22:33:56+00:00,1538651323020759041,b'What is the best risk/reward investment at these levels @PeterSchiff? \n\n#Gold or #bitcoin? https://t.co/Ivj9HTqhpz https://t.co/RDUgUKbT3e',888Velvet
2022-06-19 22:33:53+00:00,1538651309033009154,b'#harbour #bridge #aqua #gold #vivid_sydney 2016 qlty prints products at: https://t.co/KpqyTTAbAB',KayeMenner
2022-06-19 22:33:46+00:00,1538651279601303552,b'RT @cycle_strategy: $SLV Commercials used the dip in Silver to reduce their shorts further. Large speculators are getting more short. Thats\xe2\x80\xa6',cycle_strategy
2022-06-19 22:33:30+00:00,1538651210529624070,b'New \nCitrine stone bracelet \xf0\x9f\x92\x9b\xf0\x9f\x94\x86\nAvailable now on my shop! \n  #handmadejewelry #handmade #gemstones #stone #citrine\xe2\x80\xa6 https://t.co/dkyv9ebmj7',Jackiie106
2022-06-19 22:32:21+00:00,1538650925149081600,"b'Warrior #Ethereum 1.142,77 USD +149,13 (15,01 %) \n#CryptoCurrencies #Bitcoin #Ethereum #NFT #NFTs #NFTCommunity\xe2\x80\xa6 https://t.co/5O2mRA1hzP'",MaximilianLex4
2022-06-19 22:32:12+00:00,1538650887362600963,b'Excited to share the latest addition to my #etsy shop: Evil Eye Rear View Mirror Talisman Amulet Protection Suncatc\xe2\x80\xa6 https://t.co/MHgB0xfqe6',VJMS9
2022-06-19 22:31:28+00:00,1538650700997136384,"b'RT @DocumentingBTC: After Satoshi Nakamoto posted this 12 years ago today,\n\n35,700 tons of #gold have been found, $13 trillion #dollars hav\xe2\x80\xa6'",TamasKalman71
2022-06-19 22:31:24+00:00,1538650682248597504,"b'""We\'re at events happening today, that are at a point where it is more extreme than anything we\'ve seen in many, ma\xe2\x80\xa6 https://t.co/Dfdb4sCAye'",davidlin_TV
2022-06-19 22:30:51+00:00,1538650543643582464,b'You can collect this Golden Punk for 0.04 #ETH.\n\nMore in our #opensea collection.\n\nExclusive #punks.\n\n#Gold\xe2\x80\xa6 https://t.co/A2hli16LNN',GlhmArt
2022-06-19 22:30:33+00:00,1538650469232349184,"b'RT @DigPerspectives: #Boom #crypto and #gold isn`t about one or the other,it`s about both. Don`t believe it,it`s still true!\n#gold #xrp #xl\xe2\x80\xa6'",Undrgroundanon
2022-06-19 22:29:34+00:00,1538650224595550210,b'#Vintage #Czech #Glass Art #Deco #Necklace Root Beer #gold https://t.co/2dqVQPoY6F #ecochic #Jewelry',boylerpf
2022-06-19 22:29:19+00:00,1538650161655730176,"b'RT @DocumentingBTC: After Satoshi Nakamoto posted this 12 years ago today,\n\n35,700 tons of #gold have been found, $13 trillion #dollars hav\xe2\x80\xa6'",monade_btc
2022-06-19 22:28:31+00:00,1538649960023044103,b'What\xe2\x80\x99s the real value of #Bitcoin? Some compare it to #gold so?\nIf 1 BTC = 100 mil satoshis \n100 mil satoshis = 100\xe2\x80\xa6 https://t.co/61om34DJTl',lstudenny
2022-06-19 22:28:29+00:00,1538649951479250945,"b'RT @DigPerspectives: #Boom #crypto and #gold isn`t about one or the other,it`s about both. Don`t believe it,it`s still true!\n#gold #xrp #xl\xe2\x80\xa6'",Predator_UK02
2022-06-19 22:28:02+00:00,1538649834986545155,"b'RT @pegasusresinc: #Uranium price has been a solid #investment over the past 12 months, rising by 32% on the London Stock Exchange. https:/\xe2\x80\xa6'",AndUranium
2022-06-19 22:27:41+00:00,1538649749133602816,b'RT @BirchGold: Gas Prices Hit A Historic Record\nhttps://t.co/8uKcVDMRBE\n\n#inflation #economy #biden #dollar #gold',FanmatisseB
2022-06-19 22:27:03+00:00,1538649591033516032,b'@KevinSvenson_ @PeterSchiff Educate yourself buddy. #Gold is the most ancient currency in the world. If any governm\xe2\x80\xa6 https://t.co/tQhi8M8cTc',Arfin_64744
2022-06-19 22:25:23+00:00,1538649169308811264,"b'Commodities Wrap, 20 Jun: Commodities tumble amid fears of an economic slowdown https://t.co/XTCIaikC6i\xe2\x80\xa6 https://t.co/8K1LUfzAEt'",danielhynes
2022-06-19 22:25:00+00:00,1538649073615417344,b'RT @Predictive_PDI: Newmont CEO Tom Palmer see a higher floor forming under the #gold price as years of stimulus devolve into a fight to co\xe2\x80\xa6',CalderaHouse
2022-06-19 22:24:44+00:00,1538649006850641923,b'RT @SuperInvestor11: #tern TERN PLC own @DeviceAuthority.\nTERN PLC will be #MultiBagger !!!\n#innoavtion #VR #AR #DigitalMarketing #Airdrop\xe2\x80\xa6',realrubberduck1
2022-06-19 22:24:30+00:00,1538648947790557184,b'Newmont CEO Tom Palmer see a higher floor forming under the #gold price as years of stimulus devolve into a fight t\xe2\x80\xa6 https://t.co/DoBZyDHnc0',Predictive_PDI
2022-06-19 22:23:40+00:00,1538648737995948038,b'@ILikeMemesAndP1 They are a mega broker/trader and poss may have had big #gold orders to fill/buy.',Eagleresa
2022-06-19 22:22:43+00:00,1538648496839983104,b'RT @SuperInvestor11: #tern TERN PLC own @DeviceAuthority.\nTERN PLC will be #MultiBagger !!!\n#innoavtion #VR #AR #DigitalMarketing #Airdrop\xe2\x80\xa6',bot_tensorflow
2022-06-19 22:22:41+00:00,1538648491752312833,b'RT @Crypto____World: Apollo Fintechs $GSX claiming $2.16 trillion Dollars in copper ore. \nReported to back up token. \n\nGold Secured Currenc\xe2\x80\xa6',Onkokam
2022-06-19 22:22:22+00:00,1538648410471145472,"b'RT @Filapek: From Citi: ""Gold markets historically sell-off heading into recessions, find decent price support during the actual recession,\xe2\x80\xa6'",DataMrp
2022-06-19 22:21:54+00:00,1538648292980051971,b'RT @GoldTelegraph_: JANET YELLEN SAYS ELEVATED UNITED STATES INFLATION LOCKED IN FOR THE REST OF 2022\n\n1. \xe2\x80\x9cNo financial crisis in our lifet\xe2\x80\xa6',1oilfield
2022-06-19 22:20:57+00:00,1538648054638817280,"b'RT @PeterSchiff: In Dec. of 2017 #Bitcoin hit a high of just below $20K. Bitcoin has been dead ""money"" for the past 4 1/2 years, as its cur\xe2\x80\xa6'",Frankennee
2022-06-19 22:20:38+00:00,1538647976197107712,"b'From Citi: ""Gold markets historically sell-off heading into recessions, find decent price support during the actual\xe2\x80\xa6 https://t.co/x6ZkWSV6Ci'",Filapek
2022-06-19 22:20:04+00:00,1538647834072797184,b'\xf0\x9f\xa7\x90#Markets remain under pressure while #crypto HODLers/bulls remain nervous...key levels to watch for some intraday\xe2\x80\xa6 https://t.co/3t6cO1B7h3',trade_setup
2022-06-19 22:20:01+00:00,1538647819623534594,"b""Even, didn't say that but today Peyton's gonna.\n\n#sky #dailyquotes #trip #gold #pop""",BetterScript
2022-06-19 22:20:01+00:00,1538647819015233538,b'RT @ani_digital: Olympic champion Neeraj Chopra clinches gold in Kuortane Games\n\nRead @ANI Story | https://t.co/OEFXwcN3C6\n\n#NeerajChopra #\xe2\x80\xa6',Mansoor64666170
2022-06-19 22:18:35+00:00,1538647458829455360,b'RT @SuperInvestor11: #tern TERN PLC own @DeviceAuthority.\nTERN PLC will be #MultiBagger !!!\n#innoavtion #VR #AR #DigitalMarketing #Airdrop\xe2\x80\xa6',ShyBOT7
2022-06-19 22:18:16+00:00,1538647380756668419,b'Bitcoin creating mystique... invincible!\n#CryptoCurrencies #Bitcoin #Ethereum #NFT #NFTs #NFTCommunity\xe2\x80\xa6 https://t.co/bzl8e5Prmq',MaximilianLex4
2022-06-19 22:17:41+00:00,1538647232580399104,"b'Look for opportunities to buy the dip, buy order from 1827-1833 #gold #forexsignals #Commodities'",TradingPrestige
2022-06-19 22:17:37+00:00,1538647215966756865,"b""RT @DadoRTMS: Watch DadoRTMS strategy, live. Start copying when you're ready:\nhttps://t.co/GaSl8ZXl7W\n\nAlso read this to learn how it works\xe2\x80\xa6""",KvngAyo0007
2022-06-19 22:16:58+00:00,1538647052258889728,b'#Vintage 1940s White #Gold Sapphire Engagement Ring https://t.co/9fUswnHUXT #Ecochic #Jewelry',boylerpf
2022-06-19 22:16:29+00:00,1538646930623868928,"b""RT @DadoRTMS: Watch DadoRTMS strategy, live. Start copying when you're ready:\nhttps://t.co/GaSl8ZXl7W\n\nAlso read this to learn how it works\xe2\x80\xa6""",sikecilmarmut
2022-06-19 22:14:54+00:00,1538646533268115457,"b'14kt Yellow Gold Twist Post Earrings, Classic earrings, Vintage earrings, everyday earrings https://t.co/ZynbQsBJl5\xe2\x80\xa6 https://t.co/aqGMnpGI88'",PSBlakely
2022-06-19 22:14:09+00:00,1538646341735301120,b'RT @GoldTelegraph_: JANET YELLEN SAYS ELEVATED UNITED STATES INFLATION LOCKED IN FOR THE REST OF 2022\n\n1. \xe2\x80\x9cNo financial crisis in our lifet\xe2\x80\xa6',Mott_Mason
2022-06-19 22:13:48+00:00,1538646255311659010,b'KitcoGoldQuotes: https://t.co/OXfmGXVqcO 18:00 EDT\n\n#GOLD: 1839.80 / 1840.80 | -18.00 | -0.97%\n#SILVER: 21.64 / 21.\xe2\x80\xa6 https://t.co/f8RgmXg3go',KyCandJ
2022-06-19 22:13:14+00:00,1538646110448795652,b'No bank can resist what Bitcoin is resisting. This is the news! It will prevail over all!\n#CryptoCurrencies\xe2\x80\xa6 https://t.co/CqqPE1EdfT',MaximilianLex4
2022-06-19 22:13:10+00:00,1538646095563173888,b'RT @ani_digital: Olympic champion Neeraj Chopra clinches gold in Kuortane Games\n\nRead @ANI Story | https://t.co/OEFXwcN3C6\n\n#NeerajChopra #\xe2\x80\xa6',nawazhu94893278
2022-06-19 22:12:01+00:00,1538645805170671618,"b'Live #goldprice for spot #Gold trading $1839.6 USD, lower by $3.9 or 0.21% on the day - https://t.co/jQbssDjW2z'",ausecure
2022-06-19 22:11:53+00:00,1538645771192606726,b'RT @SuperInvestor11: #tern TERN PLC own @DeviceAuthority.\nTERN PLC will be #MultiBagger !!!\n#innoavtion #VR #AR #DigitalMarketing #Airdrop\xe2\x80\xa6',CodeWithTwitchi
2022-06-19 22:11:51+00:00,1538645764578103297,"b'RT @marvmelow: Cup and Handle on 3Weekschart Gold. Pricetarget 3,000$ per OZ if neckline/resistance breaks\n\n#Gold #trading #Goldmines https\xe2\x80\xa6'",the_gold_oracle
2022-06-19 22:11:43+00:00,1538645729098481664,"b'RT @GrandmasDowry: Shank Buttons, Old Sewing Buttons, Shoe horse design, Vintage Jacket buttons https://t.co/G8RVPPYTz2 #gold #crochet #pla\xe2\x80\xa6'",billtay65416388
2022-06-19 22:09:02+00:00,1538645056458047488,"b'#gold\xe2\x80\x99s price over the past decade. Now that ~31M more tons was found, let\xe2\x80\x99s see if it continues to remain stuck. https://t.co/7WOASzZ76x'",ValantThor
2022-06-19 22:08:52+00:00,1538645012656840705,b'@PeterSchiff He thinks gold is not moving bc of #btc so he is angry everyday\n\n#btc eating his lunch ...lol\n\nNews fl\xe2\x80\xa6 https://t.co/VdiAXPLrbk',KianAmini3
2022-06-19 22:08:21+00:00,1538644884319444992,b'RT @jdrebelinc: With the United Staes basically bankrupt #Dogecoin should be over $100! #doge $doge\n\n#america #unitedstates #dollar #Realit\xe2\x80\xa6',RunCryptoBulls
2022-06-19 22:08:17+00:00,1538644864933371904,b'RT @saylor: #Gold is plentiful. #Bitcoin is scarce. https://t.co/jYh8P3iPrv',Nate_Hudson_
2022-06-19 22:07:53+00:00,1538644766358876160,b'RT @jdrebelinc: With the United Staes basically bankrupt #Dogecoin should be over $100! #doge $doge\n\n#america #unitedstates #dollar #Realit\xe2\x80\xa6',DogeIsHopeParty
2022-06-19 22:07:39+00:00,1538644707055521793,b'RT @jdrebelinc: With the United Staes basically bankrupt #Dogecoin should be over $100! #doge $doge\n\n#america #unitedstates #dollar #Realit\xe2\x80\xa6',dudeinteresting
2022-06-19 22:07:04+00:00,1538644562020773888,b'With the United Staes basically bankrupt #Dogecoin should be over $100! #doge $doge\n\n#america #unitedstates #dollar\xe2\x80\xa6 https://t.co/1xF1wbBS6D',jdrebelinc
2022-06-19 22:06:42+00:00,1538644469192749056,"b'Barry FitzGerald: Times are tight, but here\xe2\x80\x99s a couple of juniors cashed up for the #gold chase | Covered by\xe2\x80\xa6 https://t.co/LymmS8fXpb'",PacgoldASX
2022-06-19 22:05:56+00:00,1538644273360519172,"b'RT @PeterSchiff: In Dec. of 2017 #Bitcoin hit a high of just below $20K. Bitcoin has been dead ""money"" for the past 4 1/2 years, as its cur\xe2\x80\xa6'",cryptoscatinu
2022-06-19 22:05:05+00:00,1538644061552185344,"b'BOT by DownTrend GOLD M5 at 1835.85\nJune 20, 2022 at 07:05AM\n\n#GOLD #BTCUSD #\xe3\x82\xb4\xe3\x83\xbc\xe3\x83\xab\xe3\x83\x89 #\xe3\x83\x93\xe3\x83\x83\xe3\x83\x88\xe3\x82\xb3\xe3\x82\xa4\xe3\x83\xb3 #XAUUSD #Bitcoin'",pitopitomm
2022-06-19 22:05:00+00:00,1538644041868271616,b'Gold &amp; Silver Bulk Bullion | Delta Harbour Assets https://t.co/tEBMpXxGRi #gold #silver #preciousmetals\xe2\x80\xa6 https://t.co/dS7eXFvsTu',DeltaHarbour
2022-06-19 22:03:11+00:00,1538643582856605698,b'RT @SuperInvestor11: #tern TERN PLC own @DeviceAuthority.\nTERN PLC will be #MultiBagger !!!\n#innoavtion #VR #AR #DigitalMarketing #Airdrop\xe2\x80\xa6',GoaiDev
2022-06-19 22:03:04+00:00,1538643555387854850,b'#tern TERN PLC own @DeviceAuthority.\nTERN PLC will be #MultiBagger !!!\n#innoavtion #VR #AR #DigitalMarketing\xe2\x80\xa6 https://t.co/t54B4zaHuQ',SuperInvestor11
2022-06-19 22:02:24+00:00,1538643384721723394,b'RT @HannesAntaszek: #Bitcoin to #Zero in Oktober at #YomKippur\n\n#btc #Cryptocrash #DebtRelief #debtfree #debt #money #gold #silver #jerusal\xe2\x80\xa6',VLRTRW
2022-06-19 22:00:51+00:00,1538642996689833987,b'#tern TERN PLC own @DeviceAuthority.\nTERN PLC will be #MultiBagger !!!\n#tnt #arb #syme #trp #mode #qbt #he1 #kod\xe2\x80\xa6 https://t.co/HxGV9Retwj',SuperInvestor11
2022-06-19 22:00:12+00:00,1538642832549941249,b'Gas Prices Hit A Historic Record\nhttps://t.co/8uKcVDMRBE\n\n#inflation #economy #biden #dollar #gold',BirchGold
2022-06-19 22:00:02+00:00,1538642791735205891,"b'RT @PeterSchiff: In Dec. of 2017 #Bitcoin hit a high of just below $20K. Bitcoin has been dead ""money"" for the past 4 1/2 years, as its cur\xe2\x80\xa6'",scardige
2022-06-19 22:00:01+00:00,1538642787230531589,b'Streaming #Gold $1843.5 +$0/0% #Silver $21.8 +$0/0% #Platinum $938.3 +$0/0% #Palladium $1840.6 +$0/0%',ausecure
2022-06-19 21:59:35+00:00,1538642679222902793,b'#GOLD \n#\xd8\xa7\xd9\x84\xd8\xb0\xd9\x87\xd8\xa8 \nfrom LAT UPDATE:\nbest HIGH: 1857\nthen:\n1850-\n1840-\nLOW: 1833\nlast: 1839\nBullish: 1850+  1860+\n\nbeari\xe2\x80\xa6 https://t.co/Tngy0iwHkB',Youssef3031
2022-06-19 21:59:32+00:00,1538642664299433985,"b'RT @PeterSchiff: In Dec. of 2017 #Bitcoin hit a high of just below $20K. Bitcoin has been dead ""money"" for the past 4 1/2 years, as its cur\xe2\x80\xa6'",PatRass4Prez
2022-06-19 21:59:31+00:00,1538642659035820033,b'#Vintage #Czech Art #Deco #Brooch Coral Molded Glass #Gold Filigree https://t.co/svpEZ2la9R #ecochic #Jewelry',boylerpf
2022-06-19 21:59:03+00:00,1538642542010433539,"b'RT @PeterSchiff: In Dec. of 2017 #Bitcoin hit a high of just below $20K. Bitcoin has been dead ""money"" for the past 4 1/2 years, as its cur\xe2\x80\xa6'",AbediniMike
2022-06-19 21:58:34+00:00,1538642421487050755,b'RT @GoldTelegraph_: JANET YELLEN SAYS ELEVATED UNITED STATES INFLATION LOCKED IN FOR THE REST OF 2022\n\n1. \xe2\x80\x9cNo financial crisis in our lifet\xe2\x80\xa6',hii88821
2022-06-19 21:57:46+00:00,1538642220274044929,b'Filipino maid fails to sell her Kuwaiti sponsors gold\n\n#Kuwait #Philippines #Filipino #Filipina #Kabayan #Pinoy\xe2\x80\xa6 https://t.co/pJ1spUY9Gd',arabtimeskuwait
2022-06-19 21:55:15+00:00,1538641586036346882,b'RT @Crypto____World: Apollo Fintechs $GSX claiming $2.16 trillion Dollars in copper ore. \nReported to back up token. \n\nGold Secured Currenc\xe2\x80\xa6',BjornSannelius
2022-06-19 21:53:36+00:00,1538641171672551424,b'RT @Crypto____World: Apollo Fintechs $GSX claiming $2.16 trillion Dollars in copper ore. \nReported to back up token. \n\nGold Secured Currenc\xe2\x80\xa6',RalphPo91162800
2022-06-19 21:51:46+00:00,1538640709087010818,b'RT @SunriseGoldUK: Kavita Krishnamurthy - Hawa Hawaii  now playing on #sunriseradiogold\n#sunriseradio #gold #bollywood #bhangra #classichit\xe2\x80\xa6',BhangraBot
2022-06-20 21:51:35+00:00,1538640664929390594,"b'@PeterSchiff Your delusional point view of #bitcoin, but dont worry @PeterSchiff  we respect you\xe2\x80\xa6\nWhen #bitcoin mar\xe2\x80\xa6 https://t.co/D9oOvaqySf'",diogomx88
2022-06-20 21:51:27+00:00,1538640629797888002,b'They did it!!!\nFrance beats Czech Republic in the final of the Golden League! \nBy winning the Golden League they ge\xe2\x80\xa6 https://t.co/SDDn0fUf7i',maxagency_eu
2022-06-20 21:51:26+00:00,1538640624202567681,b'RT @MaximilianLex4: Check out this item on @OpenseaNFTs2  https://t.co/LTRAHHOuSI  #CryptoCurrencies #Bitcoin #Ethereum #NFT #NFTs #NFTComm\xe2\x80\xa6',AfterGateGame
2022-06-20 21:50:52+00:00,1538640484393963521,b'RT @GoldTelegraph_: JANET YELLEN SAYS ELEVATED UNITED STATES INFLATION LOCKED IN FOR THE REST OF 2022\n\n1. \xe2\x80\x9cNo financial crisis in our lifet\xe2\x80\xa6',LIONHEARTDMC
2022-06-20 21:50:44+00:00,1538640448167747585,b'Tracking $spx bears and $gold bulls\n\nWill spx touch 1st 7 green candle QTRS (blue zone) &amp; if so when?\n\nNOT ADVICE.\xe2\x80\xa6 https://t.co/9QJh83xwJD',Charts4bitcoin
2022-06-20 21:50:21+00:00,1538640354060165123,b'@Chuckles56151 @ClaudesBBQ Come on...... Amazing is understated when over used. Find more meaningful adjectives! Oh\xe2\x80\xa6 https://t.co/WeobMiJqnv',dbz99
2022-06-20 21:49:51+00:00,1538640225823600642,"b""RT @nomadcapitalist: Today's price of Caribbean Citizenship by Investment in #Gold:\nDominica \xf0\x9f\x87\xa9\xf0\x9f\x87\xb2 and St. Lucia \xf0\x9f\x87\xb1\xf0\x9f\x87\xa8 54.3 Gold Ounces\nAntigua a\xe2\x80\xa6""",CapitalistRevi1
2022-06-20 21:47:09+00:00,1538639549466918913,"b""RT @hajiyev_rashad: #Gold's path to $2,300 - 2,350!\nWhen most realize that Federal Reserve cant contain 8% inflation, which keeps rising, b\xe2\x80\xa6""",david_2536
2022-06-20 21:46:44+00:00,1538639444542201857,"b""$GDX has already made a new low below last month's low confirming the next leg lower towards $26.45- $22.87 area ne\xe2\x80\xa6 https://t.co/8keQEJlc7A""",hassaansh
2022-06-20 21:46:26+00:00,1538639369770254339,b'$GDX Latest 4hr view. Ended the (C) leg and managed to make a new low once again confirming the next leg lower\xe2\x80\xa6 https://t.co/zFZcaFTqRa',hassaansh
2022-06-20 21:46:07+00:00,1538639286328770562,b'Project 4\nScheme 2. - Ground floor colour scheme proposal for project 1\nClash\n#colour #colourscheme #clash\xe2\x80\xa6 https://t.co/4PuL2U7QIa',drfhrbydesign
2022-06-20 21:45:59+00:00,1538639255718678528,b'said nobody ever about gold. hahaa #wow #Solana #Gold https://t.co/wRs1a18gS4',calichebahada
2022-06-20 21:45:38+00:00,1538639166615035905,"b""A Letter To #Dad; #Father's Day Spending; 6 Ways To Kill Your #Retirement; Raging #Inflation = $3,459 #Gold;\xe2\x80\xa6 https://t.co/bxvtRd6XZn""",munknee
2022-06-20 21:45:28+00:00,1538639124118351872,b'$GDX 4hr view from the 5/29 weekend update. Ended 5 waves from April peak &amp; made a 3 wave bounce from the lows\xe2\x80\xa6 https://t.co/ulRG4Tmns6',hassaansh
2022-06-20 21:45:01+00:00,1538639011715203072,b'Check out this item on @OpenseaNFTs2  https://t.co/LTRAHHOuSI  #CryptoCurrencies #Bitcoin #Ethereum #NFT #NFTs\xe2\x80\xa6 https://t.co/hrN5LwofS6',MaximilianLex4
2022-06-20 21:43:30+00:00,1538638629211447302,b'RT @maneco1964: #Gold as an #inflation hedge in 2022: +3% YTD\n#Bitcoin as an #inflation hedge in 2022: -61% YTD',GoldStockGuy1
2022-06-20 21:41:50+00:00,1538638208464044035,b'Check out this item on @OpenSea https://t.co/d8YCx35Dnj #CryptoCurrencies #Bitcoin #Ethereum #NFT #NFTs\xe2\x80\xa6 https://t.co/2AEhx1f9Am',MaximilianLex4
2022-06-20 21:41:38+00:00,1538638160774807552,b'RT @TechCharts: #TECHCHARTSMEMBERS Latest #GLOBAL #EQUITY #MARKETS report is sent out with a review on major benchmarks $ACWI $EEM $FM #NIK\xe2\x80\xa6',TechCharts
2022-06-20 21:41:29+00:00,1538638124082921474,"b""#Gold's father is dirt, yet it regards itself as noble.""",GoldWeLove
2022-06-20 21:39:12+00:00,1538637548641128448,"b'Zero charisma, zero screen presence, boring dialog read robotically from the TelePrompTer #MikeTirico needs to be s\xe2\x80\xa6 https://t.co/NM1ygtx4V2'",GianniDAngeloww
2022-06-20 21:38:57+00:00,1538637486263611398,b'Gold still looks constructive even after a 75bps rate hike. But can $GOLD and Rates go up up together?\xe2\x80\xa6 https://t.co/1F3FRj9k2S',hdcharting
2022-06-20 21:38:43+00:00,1538637424036827136,"b'RT @DigPerspectives: #Boom #crypto and #gold isn`t about one or the other,it`s about both. Don`t believe it,it`s still true!\n#gold #xrp #xl\xe2\x80\xa6'",XellosXQA
2022-06-20 21:38:38+00:00,1538637403509882881,b'HAPPY FATHER\xe2\x80\x99S DAY!!! Shop our Gold Rope Chains. Bundle and save 15% on 2 rope chains. 20% on 3 or more. Available\xe2\x80\xa6 https://t.co/yaAPQVHH5Z',KingJ311
2022-06-20 21:37:21+00:00,1538637080477196289,"b'RT @DigPerspectives: #Boom #crypto and #gold isn`t about one or the other,it`s about both. Don`t believe it,it`s still true!\n#gold #xrp #xl\xe2\x80\xa6'",cowboycrypto131
2022-06-20 21:36:22+00:00,1538636834456182785,b'This is a scenario where gold does really well. #gold $gold $gld $gdx $gdxj https://t.co/ovSpnfC70l',mining_charts
2022-06-20 21:36:14+00:00,1538636801518231553,"b'RT @DigPerspectives: #Boom #crypto and #gold isn`t about one or the other,it`s about both. Don`t believe it,it`s still true!\n#gold #xrp #xl\xe2\x80\xa6'",XRPCryptoQuebec
2022-06-20 21:35:57+00:00,1538636727660650496,b'RT @Naveen_Odisha: Congratulate #TokyoOlympics champion @Neeraj_chopra1 on clinching #Gold medal at the #KuortaneGames2022 in #Finland. May\xe2\x80\xa6',Bibhuti_BJD
2022-06-20 21:34:10+00:00,1538636281143607299,"b'RT @Ole_S_Hansen: Broad metal weakness in wk to june 14 saw specs cut #gold length by 29% to 49.5k, #silver by 76% to 1.8k while #platinum\xe2\x80\xa6'",alex_drastico72
2022-06-20 21:31:40+00:00,1538635652291600384,"b""As long as you're not measuring your wealth in terms of fiat currency, you can use #gold or #silver ounces, barrels\xe2\x80\xa6 https://t.co/q8TdRy8vbg""",svzbtc
2022-06-20 21:31:39+00:00,1538635647233171458,b'RT @antinousgaygod: @SAMAart Also showcased at the stunning #SanAntonio #Texas #Antinous art #exhibition are these #Hadrian #gold and #Anti\xe2\x80\xa6',AndreaJurecic
2022-06-20 21:31:26+00:00,1538635595051843585,"b""RT @antinousgaygod: This #Antinous/#Dionysus head's #wreath had #gilded #gold #leaves, say experts at #SanAntonio's @SAMAart exhibition: ht\xe2\x80\xa6""",AndreaJurecic
2022-06-20 21:31:22+00:00,1538635575493906432,"b""RT @WallStreetSilv: If you don't hold it, do you really own it ?\n\n#Silver #Gold https://t.co/DLrGPFlHrt""",Quizbold
2022-06-20 21:30:41+00:00,1538635405242900481,b'RT @WhiteOakFX: \xf0\x9f\x8f\xa6\xf0\x9f\x93\x8a Banks positions on #GOLD #OIL $DXY $EURUSD $GBPUSD $USDJPY $AUDUSD $NZDUSD $USDCAD $USDCHF #Copper #Silver \n\n\xf0\x9f\x91\x87\xe2\x9d\xa4\xef\xb8\x8f LIKE tw\xe2\x80\xa6',Smith7Vik
2022-06-20 21:30:22+00:00,1538635326557769728,b'RT @rasuol31832643: Hey @DogelonMars . \nYou will figure out the first return of the #crypto \xf0\x9f\x8f\x85\xf0\x9f\x8f\x86\xf0\x9f\x8e\x96\xe2\x9c\xa8\xf0\x9f\x9a\x80\xf0\x9f\x9a\x80\xf0\x9f\x9a\x80\xf0\x9f\x9a\x80\n#gold #dogelonmars #elon #dogelon #bit\xe2\x80\xa6',saso27519900
2022-06-20 21:27:32+00:00,1538634610057289728,b'$PAXG $BTC\n\n\xf0\x9f\xa7\x90\n\n#gold #Bitcoin https://t.co/7UUqW5Sb4L',CharterXTrader
2022-06-20 21:27:11+00:00,1538634522215993346,b'RT @maneco1964: #Gold as an #inflation hedge in 2022: +3% YTD\n#Bitcoin as an #inflation hedge in 2022: -61% YTD',bitdiots
2022-06-20 21:25:03+00:00,1538633985999441923,"b'RT @hajiyev_rashad: #Gold (XAUUSD, $1,839) presently forming a similar pattern that it formed 15 months ago. \nHaving formed a double bottom\xe2\x80\xa6'",sheeraztwitt
2022-06-20 21:23:59+00:00,1538633716569980928,b'RT @saylor: #Gold is plentiful. #Bitcoin is scarce. https://t.co/jYh8P3iPrv',QueoLican
2022-06-20 21:20:45+00:00,1538632904682655750,"b'RT @MichelKozah: The largest holders of #Lebanon Eurobonds are BlackRock, Ashmore and Amundi, and they have recently entrusted \nWhite &amp; cas\xe2\x80\xa6'",brifaiii
2022-06-20 21:20:26+00:00,1538632823501901824,b'Hedgies r fukt!! A whole #Amcarmy is #HODLING \xf0\x9f\x99\x8c having #gold and #silver in its pockets #HYMC\xf0\x9f\x94\xa5\xf0\x9f\x94\xa5 #AMC\xf0\x9f\x9a\x80\xf0\x9f\x9a\x80\xf0\x9f\x9a\x80\xf0\x9f\x92\xaf https://t.co/iAmkzyzoJs',BiancaCasi
2022-06-20 21:18:31+00:00,1538632341828124679,b'#Gold long term futures is still mired in a long-term bearish pattern acc to @JPMorgan. When will it break higher?\xe2\x80\xa6 https://t.co/P1TPxRh0HX',fundconsult
2022-06-20 21:18:26+00:00,1538632322857152512,b'RT @FGMR: The excuses have already started. Another #FederalReserve induced #boom is turning into the inevitable #bust &amp; the #Fed knows wha\xe2\x80\xa6',intl_money
2022-06-20 21:17:55+00:00,1538632191164530689,"b'RT @10lessons1: https://t.co/GduXCepZZU\n\nChris\n#ForexTrading\n#LiveForex\n#TradingRoom\n#GoldTrading\xc2\xa0\n#success\n#FOREXTRADER\n#FOREX,\xc2\xa0\n#GOLD\n#BI\xe2\x80\xa6'",Kyle2uSuccess
2022-06-20 21:17:07+00:00,1538631990710136832,"b'https://t.co/GduXCepZZU\n\nChris\n#ForexTrading\n#LiveForex\n#TradingRoom\n#GoldTrading\xc2\xa0\n#success\n#FOREXTRADER\n#FOREX,\xc2\xa0\xe2\x80\xa6 https://t.co/AkbizKtsFv'",10lessons1
2022-06-20 21:15:46+00:00,1538631648677609472,b'RT @MrBreakouts: #Gold has a Bouncy Bottom \n#BTC  has no #Bottom https://t.co/8OB8ThWff9',Petwanz
2022-06-20 21:14:05+00:00,1538631225467752448,b'RT @GovindDotasra: Well done @Neeraj_chopra1 \xf0\x9f\x87\xae\xf0\x9f\x87\xb3\xf0\x9f\x87\xae\xf0\x9f\x87\xb3\nCongratulations to @Neeraj_chopra1 for winning #Gold\xf0\x9f\xa5\x87 medal at #KuortaneGames2022 in Finl\xe2\x80\xa6',chandar05508277
2022-06-20 21:13:18+00:00,1538631030286196737,b'#XAUUSD seems #Bullish  \xf0\x9f\x90\xae\xf0\x9f\x90\x82\xf0\x9f\x8e\xaf\n\nWhat are your thoughts ? \n\n#Gold  #technical #analysis @Ishaan_Alpha @IKajaniya https://t.co/dilRyfm6v2',Ishaan_Alpha
2022-06-20 21:12:38+00:00,1538630860911837184,"b'RT @asadcmka: #FX &amp; #GOLD OUTLOOK - Jun 19-24\n\nFocus will remain on the economic events &amp; statements, to get the feeler that if FED will go\xe2\x80\xa6'",Oroyplata2907
2022-06-20 21:12:24+00:00,1538630801071525894,b'Zimbabwe Hyperinflation.Time required for prices to double: 24.7 hours. Hungary..15 hours Yugoslavia:1.41 days. If\xe2\x80\xa6 https://t.co/BUYHyXkyJ2',MatchforR
2022-06-20 21:11:15+00:00,1538630511937167360,b'Remember: BUY THE DIP AND HODL. Keep Calm!\n\n MOON WITH US \nTo learn more visit: https://t.co/BYWPMtmEoy\n\n#rolaz\xe2\x80\xa6 https://t.co/emiZmFhAVV',RolazHedgeFund
2022-06-20 21:09:54+00:00,1538630174773764099,"b'RT @AliKok42: So each oz. of $silver $gold at the comex is owned by how many people nowadays? Not your keys, not your coins, buy physical.\xe2\x80\xa6'",MisoBajus
2022-06-20 21:09:34+00:00,1538630089977495554,"b""RT @badcharts1: Follow gold's lead vs US equities.\n\nSilver's upward thrust will come with ease when that ratio breaks out.\n\nOver 1000% move\xe2\x80\xa6""",Sufiy
2022-06-20 21:09:27+00:00,1538630061837783040,"b'RT @TNR_Gold: This is great news for #TNRGold, now you can run \xe2\x80\x9csome numbers\xe2\x80\x9d: #LosAzules Project will be moving forward towards production\xe2\x80\xa6'",Sufiy
2022-06-20 21:09:09+00:00,1538629983475728390,"b'RT @DocumentingBTC: After Satoshi Nakamoto posted this 12 years ago today,\n\n35,700 tons of #gold have been found, $13 trillion #dollars hav\xe2\x80\xa6'",CrypTomaShine
2022-06-20 21:09:02+00:00,1538629955558555649,"b'Gold #COT net speculator positions fell by -20,670 contracts in latest #data. #metals #gold #xauusd #gld\xe2\x80\xa6 https://t.co/pfkMHH9Ve8'",countingpips
2022-06-20 21:07:33+00:00,1538629583662026752,"b'RT @RichardHeartWin: Just a reminder that the #Gold price is cheaper now than it was 10 years ago. #GoldSucks.\nYes, I have $9,000,000 of go\xe2\x80\xa6'",HEXscholar
2022-06-20 21:07:08+00:00,1538629478116691975,"b'@StockTrader187 The OTC is coming back, $APTY is my favorite their entire financial ecosystem that theyve been buil\xe2\x80\xa6 https://t.co/PQOrYFySpj'",James__1967
2022-06-20 21:06:55+00:00,1538629422122962944,"b'RT @mnicoletos: I would like to thank everyone at @Blockworks_ for the beautiful event in #London last week and, more specifically, @JackFa\xe2\x80\xa6'",vashtirettenba7
2022-06-20 21:06:21+00:00,1538629279952535554,b'RT @Echmeck_Jewelry: Natural Stone Oval Pendant Necklaces\nhttps://t.co/50YJBGahEG #jewels #jewelry #fashion #gems #bling #love #style #acce\xe2\x80\xa6',Echmeck_Jewelry
2022-06-20 21:05:06+00:00,1538628967464374280,b'#Belgium to #return #PatriceLumumba\xe2\x80\x99s #gold #tooth in bid to atone for #colonial #crimes | Patrice Lumumba | The Gu\xe2\x80\xa6 https://t.co/lBogyBzfHR',jazzmanahn
2022-06-20 21:04:45+00:00,1538628877018402820,b'RT @lemuelheartsadv: Sickle cell does not \xe2\x80\x98select\xe2\x80\x99 some people. It is a disease anyone can be born with.\n\n#Gold #lemuelheartsadv #publicedu\xe2\x80\xa6',lemuelheartsadv
2022-06-20 21:03:51+00:00,1538628653277671425,b'RT @ani_digital: Olympic champion Neeraj Chopra clinches gold in Kuortane Games\n\nRead @ANI Story | https://t.co/OEFXwcN3C6\n\n#NeerajChopra #\xe2\x80\xa6',SadikShafi12
2022-06-20 21:02:50+00:00,1538628394430218240,"b'RT @HannesZipfel: Not bankrupt for &gt;5,000 years. Which Company or Country can provide such Safty? Or can you remember PAN AM (Pan American\xe2\x80\xa6'",Sufiy
2022-06-20 21:02:13+00:00,1538628241489002502,b'RT @kirillklip: #Gold &amp; #Silver \n\nThe same banks which paid billions in fines for markets manipulations made billions back manipulating the\xe2\x80\xa6',Sufiy
2022-06-20 21:02:11+00:00,1538628233134055425,"b'RT @hajiyev_rashad: #Gold (XAUUSD, $1,839) presently forming a similar pattern that it formed 15 months ago. \nHaving formed a double bottom\xe2\x80\xa6'",Oroyplata2907
2022-06-20 21:01:20+00:00,1538628018066886658,b'Gold Particles Postcard Opener\nhttps://t.co/DxIQH38BEr\n\n#abstract #aftereffectsprojectfiles #commercial #elegant\xe2\x80\xa6 https://t.co/RyCzgjvBDQ',videolib_store
2022-06-20 21:00:21+00:00,1538627772687564802,"b'The spot #gold price from @BullionVault has gone up through \xe2\x82\xac1,755/toz to \xe2\x82\xac1,756.72/toz. #goldprice chart:\xe2\x80\xa6 https://t.co/ootNeEGUMi'",GoldPriceEUR5
2022-06-20 21:00:04+00:00,1538627701308792834,b'Kavita Krishnamurthy - Hawa Hawaii  now playing on #sunriseradiogold\n#sunriseradio #gold #bollywood #bhangra\xe2\x80\xa6 https://t.co/LHWYcVYpfW',SunriseGoldUK
2022-06-20 20:59:16+00:00,1538627499449585667,"b'RT @hajiyev_rashad: #Gold (XAUUSD, $1,839) presently forming a similar pattern that it formed 15 months ago. \nHaving formed a double bottom\xe2\x80\xa6'",Sufiy
2022-06-20 20:59:12+00:00,1538627480625594369,"b""RT @DadoRTMS: Watch DadoRTMS strategy, live. Start copying when you're ready:\nhttps://t.co/GaSl8ZXl7W\n\nAlso read this to learn how it works\xe2\x80\xa6""",Raul38557638
2022-06-20 20:59:11+00:00,1538627477005803522,b'RT @Don__Crypto__: Active World Club is always one step ahead of everyone else!! Check out #Scrap today!! \xf0\x9f\x8c\x8e\xf0\x9f\x94\xa5 #AWC #Gold #Silver #Crypto',Don__Crypto__
2022-06-20 20:58:59+00:00,1538627428309864448,"b""@PeterSchiff #Bitcoins not dead even a 4 year old can tell you that. She doesn't enjoy story time before bed she wa\xe2\x80\xa6 https://t.co/1dHSqL97LS""",stocksnbitcoin
2022-06-20 20:57:48+00:00,1538627130589908992,b'What you use for an investment is my dishes lol #gold',bitcoinroberto
2022-06-21 20:57:35+00:00,1538627075367641104,"b""I'm buying more Junior mining stock\n#Gold\n#Silver""",Polaris_Ada
2022-06-21 20:56:44+00:00,1538626859075657728,b'TrollEvents $PG come from US$ and #Gold based Trolling Nets. Assumptions: Stocks etc with Trend Changes more intere\xe2\x80\xa6 https://t.co/E8CZA3Nkm3',TrollColors
2022-06-21 20:56:34+00:00,1538626819519557632,b'\xf0\x9f\x91\x89 $234.45 \xf0\x9f\x91\x88\n14k Yellow Gold Miami Beach Dolphins Circle Charm Necklace Pendant Travel Transportation @topfanscorner\xe2\x80\xa6 https://t.co/V4WQSZRLnX',topfanscorner
2022-06-21 20:56:33+00:00,1538626814653829121,"b'#gold \nTh ""donor class"" wouldn\'t exist if we had a sound monetary sytem, rooted in gold. But when Nixon closed th ""\xe2\x80\xa6 https://t.co/hYcHIrQ210'",SilverPlusGold
2022-06-21 20:56:06+00:00,1538626700572930048,"b'TrollEvent: TrendilatorB Crossed -3, ; From $PG, Procter &amp; Gamble \xe2\x8c\x98 NYSE:PG. US$ TrollView Left, #Gold TrollView Ri\xe2\x80\xa6 https://t.co/HTFmdOhvQa'",TrollColors
2022-06-21 20:55:39+00:00,1538626588694265856,"b'RT @hajiyev_rashad: #Gold (XAUUSD, $1,839) presently forming a similar pattern that it formed 15 months ago. \nHaving formed a double bottom\xe2\x80\xa6'",artofkaizen
2022-06-21 20:55:02+00:00,1538626431684644864,"b'All these ways will get you a return on your #investment, but some are easier to invest in than others. Do your res\xe2\x80\xa6 https://t.co/8ao665Dn9e'",BizPartnerMag
2022-06-21 20:54:47+00:00,1538626369982193667,"b'RT @PeterSchiff: In Dec. of 2017 #Bitcoin hit a high of just below $20K. Bitcoin has been dead ""money"" for the past 4 1/2 years, as its cur\xe2\x80\xa6'",supervaluemann
2022-06-21 20:54:06+00:00,1538626196375740419,"b'RT @kirillklip: #LosAzules: ""... a 53,000 metre drilling programme is well underway. So all told, #TNRGold\xe2\x80\x99s \xf0\x9f\x94\x8b $TNR.v income looks likely t\xe2\x80\xa6'",kirillklip
2022-06-21 20:54:02+00:00,1538626180072542208,"b'RT @kirillklip: $TRRXF ""The copper price is around 30% higher than the assumption used in the 2017 calculation, and there\xe2\x80\x99s also the questi\xe2\x80\xa6'",kirillklip
2022-06-21 20:53:59+00:00,1538626166436900864,"b'RT @kirillklip: Alastair Ford: ""Based around the numbers then produced and a US$3.00 copper price it was estimated that #TNRGold \xf0\x9f\x94\x8b $TNR.v w\xe2\x80\xa6'",kirillklip
2022-06-21 20:53:45+00:00,1538626111457869832,b'RT @FGMR: The excuses have already started. Another #FederalReserve induced #boom is turning into the inevitable #bust &amp; the #Fed knows wha\xe2\x80\xa6',GoldStockGuy1
2022-06-21 20:53:43+00:00,1538626099244040192,"b'RT @TNR_Gold: Gold Big Picture by @NorthstarCharts\n\n#Gold In The USA, Alaskan Elephant Country: Kirill Klip #GEMRoyalty $TNR.v #TNRGold Pre\xe2\x80\xa6'",kirillklip
2022-06-21 20:53:38+00:00,1538626081560924164,"b'RT @TNR_Gold: ""Our Net Profits Royalty (\xe2\x80\x9dNPR\xe2\x80\x9d) holding on the Batidero I and II properties with Josemaria Resources &amp; #Lundin Group represe\xe2\x80\xa6'",kirillklip
2022-06-21 20:53:33+00:00,1538626058802581504,b'RT @TNR_Gold: TNR Gold Update On Batidero I And II Property Royalties Of Lundin MIning\xe2\x80\x99s Josemaria Copper-Gold Project https://t.co/Xko30yS\xe2\x80\xa6',kirillklip
2022-06-21 20:53:30+00:00,1538626047809298432,b'Elon Musk Says He Is Buying the Crypto Dip https://t.co/f9oXVQWgT7 via @YahooFinance \nDown down down\nand fire is ge\xe2\x80\xa6 https://t.co/SPVEaejLz5',madmilker
2022-06-21 20:53:26+00:00,1538626031346655239,b'RT @TNR_Gold: TNR Gold NPR Royalty On Batidero I And II: #Lundin Mining To Acquire Josemaria Resources For $483 Million https://t.co/S1lSJB\xe2\x80\xa6',kirillklip
2022-06-21 20:52:56+00:00,1538625904154378241,"b'RT @PeterSchiff: In Dec. of 2017 #Bitcoin hit a high of just below $20K. Bitcoin has been dead ""money"" for the past 4 1/2 years, as its cur\xe2\x80\xa6'",cryptoapestv
2022-06-21 20:50:36+00:00,1538625315165069315,b'RT @HedgehogTrader: Simon Says.  #GOLD',kirillklip
2022-06-21 20:50:01+00:00,1538625169081655296,"b'RT @PeterSchiff: In Dec. of 2017 #Bitcoin hit a high of just below $20K. Bitcoin has been dead ""money"" for the past 4 1/2 years, as its cur\xe2\x80\xa6'",klvscdno
2022-06-21 20:49:55+00:00,1538625145954349058,b'RT @NorthstarCharts: THIS IS VERY DIFFERENT. This is not routine. Do not expect to be able to use anything that has happened in the last 50\xe2\x80\xa6',Lpk33
2022-06-21 20:49:28+00:00,1538625031944929280,b'RT @mollynft_: Mmm a close up of my amazing Necklace from the Gold Gods https://t.co/CYvc36J7dK \xf0\x9f\x94\xa5  \nRetweet if you love gold \xf0\x9f\x98\x8d\n#nft #nftcom\xe2\x80\xa6',Eldostyles
2022-06-21 20:48:59+00:00,1538624909038985221,b'RT @FirstClassMetal: \xf0\x9d\x97\x99\xf0\x9d\x97\xb6\xf0\x9d\x97\xbf\xf0\x9d\x98\x80\xf0\x9d\x98\x81 \xf0\x9d\x97\x96\xf0\x9d\x97\xb9\xf0\x9d\x97\xae\xf0\x9d\x98\x80\xf0\x9d\x98\x80 \xf0\x9d\x97\xa0\xf0\x9d\x97\xb2\xf0\x9d\x98\x81\xf0\x9d\x97\xae\xf0\x9d\x97\xb9\xf0\x9d\x98\x80 \xf0\x9d\x97\xa3\xf0\x9d\x97\x9f\xf0\x9d\x97\x96 \n\n#Copper #nickel #POW #FCM\xc2\xa0  #zinc #Ontario #criticalmetals #gold  #REE\n\nIt may be weekend but\xe2\x80\xa6',Justsharesonaim
2022-06-21 20:48:56+00:00,1538624896355418115,b'RT @GoldTelegraph_: JANET YELLEN SAYS ELEVATED UNITED STATES INFLATION LOCKED IN FOR THE REST OF 2022\n\n1. \xe2\x80\x9cNo financial crisis in our lifet\xe2\x80\xa6',robertojirusta
2022-06-21 20:46:59+00:00,1538624406360047623,"b'RT @hajiyev_rashad: #Gold (XAUUSD, $1,839) presently forming a similar pattern that it formed 15 months ago. \nHaving formed a double bottom\xe2\x80\xa6'",NobleHo08105240
2022-06-21 20:46:38+00:00,1538624318166409222,"b'Gold Big Picture by @NorthstarCharts\n\n#Gold In The USA, Alaskan Elephant Country: Kirill Klip #GEMRoyalty $TNR.v\xe2\x80\xa6 https://t.co/NXEtiRlhJw'",TNR_Gold
2022-06-21 20:46:06+00:00,1538624186175959047,"b'""Our Net Profits Royalty (\xe2\x80\x9dNPR\xe2\x80\x9d) holding on the Batidero I and II properties with Josemaria Resources &amp; #Lundin Gro\xe2\x80\xa6 https://t.co/6fIOPERr4D'",TNR_Gold
2022-06-21 20:45:42+00:00,1538624084782862336,b'TNR Gold Update On Batidero I And II Property Royalties Of Lundin MIning\xe2\x80\x99s Josemaria Copper-Gold Project\xe2\x80\xa6 https://t.co/qZL79PRmY4',TNR_Gold
2022-06-21 20:44:54+00:00,1538623883733000196,b'TNR Gold NPR Royalty On Batidero I And II: #Lundin Mining To Acquire Josemaria Resources For $483 Million\xe2\x80\xa6 https://t.co/oAN1iQDEdD',TNR_Gold
2022-06-21 20:44:53+00:00,1538623876594388998,"b'RT @Strange_Sounds: 31 million metric tons of GOLD ore (about 320,000 tons of refined gold) found in the Republic of Uganda #Gold #mining #\xe2\x80\xa6'",muhammadjamalks
2022-06-21 20:42:47+00:00,1538623351828238337,b'\xf0\x9f\x94\xa5Lot of 10 - 2022 1 oz Gold American Eagle $50 Coin BU\xf0\x9f\x94\xa5 #gold #goldbullion @goldexchangenyc  https://t.co/UKHBFpgER2',HiTicketBullion
2022-06-21 20:40:37+00:00,1538622805343870979,"b'RT @kirillklip: #LosAzules: ""... a 53,000 metre drilling programme is well underway. So all told, #TNRGold\xe2\x80\x99s \xf0\x9f\x94\x8b $TNR.v income looks likely t\xe2\x80\xa6'",TNR_Gold
2022-06-21 20:40:34+00:00,1538622790324080641,"b'RT @kirillklip: $TRRXF ""The copper price is around 30% higher than the assumption used in the 2017 calculation, and there\xe2\x80\x99s also the questi\xe2\x80\xa6'",TNR_Gold
2022-06-21 20:40:30+00:00,1538622777200197632,"b'RT @kirillklip: Alastair Ford: ""Based around the numbers then produced and a US$3.00 copper price it was estimated that #TNRGold \xf0\x9f\x94\x8b $TNR.v w\xe2\x80\xa6'",TNR_Gold
2022-06-21 20:39:48+00:00,1538622600766795778,"b'RT @PeterSchiff: In Dec. of 2017 #Bitcoin hit a high of just below $20K. Bitcoin has been dead ""money"" for the past 4 1/2 years, as its cur\xe2\x80\xa6'",noah_rn1
2022-06-21 20:39:43+00:00,1538622578125848577,"b'@PeterSchiff And you can actually use #gold to do stuff. Besides adornment &amp; decoration, it is widely used in elect\xe2\x80\xa6 https://t.co/zzythPBO2M'",BeesterGee
2022-06-21 20:39:39+00:00,1538622560870727680,b'RT @saylor: #Gold is plentiful. #Bitcoin is scarce. https://t.co/jYh8P3iPrv',miraarenita8
2022-06-21 20:39:28+00:00,1538622513223196673,b'RT @KonstantinKlip: #biden #usa #potus budget assumes negative real interest rates all the way through the end of the 10-year budget window\xe2\x80\xa6',TNR_Gold
2022-06-21 20:39:24+00:00,1538622497427537920,"b'RT @hajiyev_rashad: #Gold (XAUUSD, $1,839) presently forming a similar pattern that it formed 15 months ago. \nHaving formed a double bottom\xe2\x80\xa6'",Gold_ist_Geld
2022-06-21 20:38:46+00:00,1538622338606014466,b'@PeterSchiff I bet you study #BTC chart more than #GOLD chart.',CryptoBullKing_
2022-06-21 20:38:43+00:00,1538622327272968193,b'RT @HedgehogTrader: Simon Says.  #GOLD',TNR_Gold
2022-06-21 20:38:27+00:00,1538622258465447940,b'RT @Don__Crypto__: Active World Club is always one step ahead of everyone else!! Check out #Scrap today!! \xf0\x9f\x8c\x8e\xf0\x9f\x94\xa5 #AWC #Gold #Silver #Crypto',ErcHunterr
2022-06-21 20:37:56+00:00,1538622130673311744,b'Someday I will have this drawing made into a 3d Printed prop. #customgundesign #design #propgun #gold https://t.co/lyMtmGvISQ',jokers_tcg_art
2022-06-22 20:37:20+00:00,1538621979418251264,b'TrollEvents $NTRS come from US$ and #Gold based Trolling Nets. Assumptions: Stocks etc with Trend Changes more inte\xe2\x80\xa6 https://t.co/UccusdkVo8',TrollColors
2022-06-22 20:36:45+00:00,1538621831887917056,"b'@PeterSchiff Way back when #Bitcoin price hit the price of 1 oz of #Gold, I sold my $BTC and bought  1 oz gold bars\xe2\x80\xa6 https://t.co/gMommvqb79'",CRYPT0N1TE
2022-06-22 20:36:43+00:00,1538621823167827968,"b'TrollEvent: TrendilatorA Crossed -2, ; From $NTRS, Northern Trust \xe2\x8c\x98 NASDAQ:NTRS. US$ TrollView Left, #Gold TrollVie\xe2\x80\xa6 https://t.co/rRsSHkkGIF'",TrollColors
2022-06-22 20:36:41+00:00,1538621813625802752,b'DETROIT TIGERS TIGER STADIUM GOOD GREY UV (YELLOW GOLD) now available from SNEAKERTOWNMIA\n\n#newdrop #sneakertown\xe2\x80\xa6 https://t.co/radjolFUwD',hatcrawler
2022-06-22 20:36:25+00:00,1538621748463247360,"b'RT @kirillklip: McEwen Copper ""And, lest anyone doubt the seriousness of his intent, #McEwen himself put US$40mln of his own money into the\xe2\x80\xa6'",kirillklip
2022-06-22 20:36:23+00:00,1538621739143413760,"b""We're not foolin' around. \xf0\x9f\xa4\x91  Gold is no joke and neither was the California #GoldRush. \xf0\x9f\x92\xb0  If you want to go back in\xe2\x80\xa6 https://t.co/pDvVQmlRfS""",cahighsierra
2022-06-22 20:35:56+00:00,1538621626786492416,"b'RT @TNR_Gold: TNR Gold In The Alaskan Elephant Country: There Is No Gold 2.0, There Are Only More Than 5,000 Years of Human History With #G\xe2\x80\xa6'",kirillklip
2022-06-22 20:35:51+00:00,1538621603759677446,"b'RT @hajiyev_rashad: #Gold (XAUUSD, $1,839) presently forming a similar pattern that it formed 15 months ago. \nHaving formed a double bottom\xe2\x80\xa6'",GoldStockGuy1
2022-06-22 20:35:22+00:00,1538621482611445761,"b'RT @HannesZipfel: Not bankrupt for &gt;5,000 years. Which Company or Country can provide such Safty? Or can you remember PAN AM (Pan American\xe2\x80\xa6'",kirillklip
2022-06-22 20:34:44+00:00,1538621322779041792,b'@NFTKingForever Check Out Some Great #NFTs\n\n1)  Dego Finance #Gold NFT on #opensea #Ethereum network\xe2\x80\xa6 https://t.co/QdnJLsPRXd',razzmarketing77
2022-06-22 20:33:45+00:00,1538621076774715392,"b'RT @HannesZipfel: Not bankrupt for &gt;5,000 years. Which Company or Country can provide such Safty? Or can you remember PAN AM (Pan American\xe2\x80\xa6'",BlauerBengel
2022-06-22 20:33:09+00:00,1538620924550840320,"b""RT @CultureTibet: Here's an absolutely #stunning portrait of a #Tibetan girl adorned in pure Tibetan #jewelry.  Happy #weekend \n#Gold #turq\xe2\x80\xa6""",SriramArkan
2022-06-22 20:33:06+00:00,1538620911074480130,"b'RT @hajiyev_rashad: #Gold (XAUUSD, $1,839) presently forming a similar pattern that it formed 15 months ago. \nHaving formed a double bottom\xe2\x80\xa6'",MuksFuk
2022-06-22 20:32:42+00:00,1538620814064484355,b'$BTC over $20k still  - #GOLD not moving... in fact it is down... very sad for @PeterSchiff https://t.co/mQgMXM0jZf',trackingcryptos
2022-06-22 20:32:12+00:00,1538620686662569985,b'@PeterSchiff What\xe2\x80\x99s #gold\xe2\x80\x99s ATH?',CryptoNow34
2022-06-22 20:31:07+00:00,1538620415286857730,b'@nftspacewalker Check Out Some Great #NFTs\n\n1)  Dego Finance #Gold NFT on #opensea #Ethereum network\xe2\x80\xa6 https://t.co/bMEVxeXlYs',razzmarketing77
2022-06-22 20:30:04+00:00,1538620149166510080,"b'Copy Trading Software that will change your life - Forever\n\nhttps://t.co/gYeF2umiBC\n\nLimited offer, Make 10% Per Da\xe2\x80\xa6 https://t.co/0D3lFRCJ2W'",10lessons1
2022-06-22 20:29:58+00:00,1538620123841499138,"b'RT @hajiyev_rashad: #Gold (XAUUSD, $1,839) presently forming a similar pattern that it formed 15 months ago. \nHaving formed a double bottom\xe2\x80\xa6'",kirillklip
2022-06-22 20:29:12+00:00,1538619931087867904,b'RT @SR_Jewellers: The hottest duo since chocolate and wine.\n\n#gold #indianjewellery #instagramshop #vintageshopper #jwellerygram #jwelerylo\xe2\x80\xa6',KANNANVISHNU7
2022-06-22 20:28:25+00:00,1538619734761033730,"b'RT @MStognieva: Original oil painting by Ukrainian artist Marina Stognieva, available &gt;&gt;&gt;&gt;  https://t.co/bn1WTMfh2R\nyou can also order a pr\xe2\x80\xa6'",CarlosM16132548
2022-06-22 20:27:56+00:00,1538619613277065216,"b""So good I had to share! Check out all the items I'm loving on @Poshmarkapp #poshmark #fashion #style #shopmycloset\xe2\x80\xa6 https://t.co/ZOx83dD3De""",LesterMacG
2022-06-22 20:27:26+00:00,1538619486227808256,"b'RT @WallStreetSilv: Here comes the CBDC (Central Bank Digital Currency)\n\nAfter hyperinflation 1923, Germany replaced the Papiermark w/the R\xe2\x80\xa6'",charleshawa
2022-06-22 20:27:06+00:00,1538619403809566722,b'RT @DollarCostAvg: #gold volume bottoming out looks like a leading indicator for a big move up. \n\n#hopium https://t.co/TXOB2EG6k1',TheDragon_44
2022-06-22 20:26:35+00:00,1538619272540332032,b'@NFTLucker_ Check Out Some Great #NFTs\n\n1)  Dego Finance #Gold NFT on #opensea #Ethereum network\xe2\x80\xa6 https://t.co/ZA9qm36Fct',razzmarketing77
2022-06-22 20:26:28+00:00,1538619245298327552,b'RT @jeweledbyreme: Elegance &amp;style \n\nGold hm watch with a brown leather strap ( black face) \n\nWater proof crown \n\nHigh strength glass\n\nScra\xe2\x80\xa6',ival_o
2022-06-22 20:26:16+00:00,1538619195356741632,b'RT @siasees: @sich8 @DebraG_Robins One young #crypto trader I spoke to this morning revealed now out of crypto and looking to buy #gold\xe2\x80\xa6.\xe2\x80\x9do\xe2\x80\xa6',sustain05
2022-06-22 20:26:16+00:00,1538619194434105345,b'@ChrismNFT Check Out Some Great #NFTs\n\n1)  Dego Finance #Gold NFT on #opensea #Ethereum network\xe2\x80\xa6 https://t.co/XizEN6AntM',razzmarketing77
2022-06-22 20:26:00+00:00,1538619125144162309,"b""Gold is still valued to this day, read how gold is harder to obtain but more expensive than before The Beginner's G\xe2\x80\xa6 https://t.co/Pm0kuKGWWl""",GoldRocksMe
2022-06-22 20:25:57+00:00,1538619115107147776,"b""What was once a rich man's game is now available for anyone to obtain. Get your share of gold through Gold Rocks to\xe2\x80\xa6 https://t.co/BVq4KAAIXJ""",Derekgold13
2022-06-22 20:25:37+00:00,1538619028733845510,b'RT @chigrl: US sanctions #Nicaraguan #gold mining firm over ties to #Russia\nhttps://t.co/D0WjgPls0a https://t.co/tSKMnzOtwp',Geotrendlines
2022-06-22 20:25:33+00:00,1538619013521100804,b'Gold or bitcoin? https://t.co/VEldB35bcc #gold #goldrocks #invest #bullion https://t.co/3rH0v6rsxG',digitalgrandad
2022-06-22 20:25:33+00:00,1538619012900392960,b'RT @chigrl: US sanctions #Nicaraguan #gold mining firm over ties to #Russia\nhttps://t.co/D0WjgPls0a https://t.co/tSKMnzOtwp',frankknopers
2022-06-22 20:25:00+00:00,1538618873641050113,"b'RT @PeterSchiff: In Dec. of 2017 #Bitcoin hit a high of just below $20K. Bitcoin has been dead ""money"" for the past 4 1/2 years, as its cur\xe2\x80\xa6'",Yortes
2022-06-22 20:24:53+00:00,1538618843630796801,b'@kokid951 Collect Great #NFTs\n\n1)  Dego Finance #Gold NFT on #opensea #Ethereum network\n\nhttps://t.co/wFmCDcISCO\n\n2\xe2\x80\xa6 https://t.co/KoFbKP4PPk',razzmarketing77
2022-06-22 20:24:42+00:00,1538618799792001024,b'RT @FGMR: Bank #propaganda in mainstream media to keep your #purchasingpower (PP) in #banks but they are not safe havens. Safe Haven: a tan\xe2\x80\xa6',sustain05
2022-06-22 20:24:20+00:00,1538618707357757440,"b'Cup and Handle on 3Weekschart Gold. Pricetarget 3,000$ per OZ if neckline/resistance breaks\n\n#Gold #trading\xe2\x80\xa6 https://t.co/38nzCIdKkb'",marvmelow
2022-06-22 20:24:04+00:00,1538618640525836290,b'RT @FGMR: The excuses have already started. Another #FederalReserve induced #boom is turning into the inevitable #bust &amp; the #Fed knows wha\xe2\x80\xa6',sustain05
2022-06-22 20:22:57+00:00,1538618358471397376,"b""@goldstocktrades Here's When I'll Sell My #Gold | Rick Rule\nhttps://t.co/gaggLx8d5B""",StockShaman
2022-06-22 20:20:48+00:00,1538617818869923840,"b'RT @PeterSchiff: In Dec. of 2017 #Bitcoin hit a high of just below $20K. Bitcoin has been dead ""money"" for the past 4 1/2 years, as its cur\xe2\x80\xa6'",nickhao14
2022-06-22 20:20:22+00:00,1538617708576743432,"b'RT @GemsMoon: #handmadejewelry Excited to share this item from my #etsy shop: #Handmade Necklace, Lotus #Flower, #Yoga #Meditation #Jewelry\xe2\x80\xa6'",TCFCardShop
2022-06-22 20:20:08+00:00,1538617648027783170,"b'#handmadejewelry Excited to share this item from my #etsy shop: #Handmade Necklace, Lotus #Flower, #Yoga\xe2\x80\xa6 https://t.co/bGnFNydxSu'",GemsMoon
2022-06-22 20:20:01+00:00,1538617619342938112,b'RT @bogdan_aliman: @elonmusk Support https://t.co/ajYWYHfkhi!\nDeserve! \n$MGLD.\n\n#ElonMusk #cryptocurrency #gold #MGLD ##Bitcoin #dogecoin h\xe2\x80\xa6',Vali26438540
2022-06-22 20:19:57+00:00,1538617603526115330,"b'New Arrival!\n\nThe Broken Man\n\nCrafted in fine detail and finished in an antiqued bronze hue, bring the humanist-ins\xe2\x80\xa6 https://t.co/YlCZKPQpV6'",thelionschest
2022-06-22 20:19:35+00:00,1538617512631230467,b'TrollEvents $MSFT come from US$ and #Gold based Trolling Nets. Assumptions: Stocks etc with Trend Changes more inte\xe2\x80\xa6 https://t.co/gBFpu1XFvR',TrollColors
2022-06-22 20:19:16+00:00,1538617431236698114,b'Facts. #gold #btc #inflation https://t.co/lluQGoi9T9 https://t.co/RBU9F1Q0JW',RippleDeGad
2022-06-22 20:19:04+00:00,1538617381895000064,b'RT @bogdan_aliman: @cz_binance $MGLD - https://t.co/8waytEIcrX: \nOfficially presented at Bucharest Tech Week by CEO Radu Daniel.\n\n#Binance\xe2\x80\xa6',Vali26438540
2022-06-22 20:18:49+00:00,1538617316526764032,"b'RT @bogdan_aliman: @rovercrc @elonmusk What about #GOLD?\nhttps://t.co/ajYWYHfkhi\n\n Gold has been, is and will be valuable.\n\nhttps://t.co/8w\xe2\x80\xa6'",Vali26438540
2022-06-22 20:18:39+00:00,1538617278224388104,b'XAU/USD (Gold) Next Possible Movement.\n\nSignal with Proper SL and TP are Posted on Our Telegram Channel :\xe2\x80\xa6 https://t.co/Dl9U8T3C4d',forexdetective1
2022-06-22 20:17:40+00:00,1538617027971129349,"b'RT @TheBriefLive: B2Gold maintains ore production at its Wolfshag underground mine will commence soon, and will complement the open pit ore\xe2\x80\xa6'",EnosMcManni
2022-06-22 20:17:14+00:00,1538616918004977670,"b'RT @hajiyev_rashad: #Gold (XAUUSD, $1,839) presently forming a similar pattern that it formed 15 months ago. \nHaving formed a double bottom\xe2\x80\xa6'",MarcoAP_IFI
2022-06-22 20:16:55+00:00,1538616838875119618,"b""RT @MostafaAriana: Now you can trade #BlueSparrow from it's exchange, #BlueBitIO \nTrade #Crypto, #Commodities and #Forex all in one place!\xe2\x80\xa6""",bluesparrow1300
2022-06-22 20:16:39+00:00,1538616774052175872,"b'RT @namjuart: https://t.co/fsudBYCPrs\nFirst three dragons are finally minted~!\nPlease, check the link and have a look.\nFirst buyer will hav\xe2\x80\xa6'",Bengalsnut30
2022-06-22 20:16:04+00:00,1538616627666853888,"b'RT @HannesZipfel: Not bankrupt for &gt;5,000 years. Which Company or Country can provide such Safty? Or can you remember PAN AM (Pan American\xe2\x80\xa6'",tknzdFIATmetals
2022-06-22 20:15:47+00:00,1538616554719412225,b'24k Dubai Gold Necklace \xf0\x9f\x8c\x99\n\nBenefits of having a gold\n\xe2\x9c\xa8Orginal Gold\n\xe2\x9c\xa8Perfect gift for your loved ones\n\xe2\x9c\xa8Good Investme\xe2\x80\xa6 https://t.co/TPjDeSqKAG',talhabtrading
2022-06-22 20:15:11+00:00,1538616406169817088,b'RT @Heshamsalem156: https://t.co/PXkKwt1DKx\nFor sale @Namecheap (Only $79 for 7 days)\n\n#Metaverse  #BrandName #domain #domains #domainnames\xe2\x80\xa6',domainapebot
2022-06-22 20:14:17+00:00,1538616178154823683,"b""RT @DadoRTMS: Watch DadoRTMS strategy, live. Start copying when you're ready:\nhttps://t.co/GaSl8ZXl7W\n\nAlso read this to learn how it works\xe2\x80\xa6""",mayada_nour87
2022-06-22 20:13:54+00:00,1538616079156658181,b'Massive Congrats to Camels1 captain @Adam_Hugill. You and the GB squad have been awesome this week. #gbtall\xe2\x80\xa6 https://t.co/yZ5EABZrjg',CamelsSoftball
2022-06-22 20:13:08+00:00,1538615888240205824,b'@PeterSchiff @Akku6123 @CNBC Peter could you please bring up the charts for the past 12 years of #bitcoin vs #gold\xe2\x80\xa6 https://t.co/CSXi6r4FOC',cryptovilian
2022-06-22 20:12:01+00:00,1538615608073457670,"b'Live #goldprice for spot #Gold trading $1843.5 USD, lower by $17.8 or 0.97% on the day - https://t.co/NyKqm68w59'",ausecure
2022-06-22 20:11:41+00:00,1538615521792385027,"b'RT @PeterSchiff: In Dec. of 2017 #Bitcoin hit a high of just below $20K. Bitcoin has been dead ""money"" for the past 4 1/2 years, as its cur\xe2\x80\xa6'",Sharon75571311
2022-06-22 20:11:36+00:00,1538615502955741190,"b'RT @mining_charts: Ask yourself, Are we free today ? And are things continuing to get worse? #inflation #taxes #stagflation #freedom #canad\xe2\x80\xa6'",SPFrocket
2022-06-22 20:11:35+00:00,1538615499420057601,b'RT @GoldTelegraph_: JANET YELLEN SAYS ELEVATED UNITED STATES INFLATION LOCKED IN FOR THE REST OF 2022\n\n1. \xe2\x80\x9cNo financial crisis in our lifet\xe2\x80\xa6',panos19877236
2022-06-22 20:11:24+00:00,1538615452368359426,"b""@PeterSchiff Don't worry Peter. \n\nKeep holding your #Gold and it'll be *all the way up to* $1875 in the year 2033. \xf0\x9f\x99\x84 $BTC #BITCOIN""",DumbTaeks
2022-06-22 20:11:19+00:00,1538615430155321346,b'RT @Heshamsalem156: https://t.co/PXkKwt1DKx\nFor sale @Namecheap (Only $79 for 7 days)\n\n#Metaverse  #BrandName #domain #domains #domainnames\xe2\x80\xa6',TheWeb3Pulse
2022-06-22 20:11:13+00:00,1538615405195194369,b'RT @FGMR: Bank #propaganda in mainstream media to keep your #purchasingpower (PP) in #banks but they are not safe havens. Safe Haven: a tan\xe2\x80\xa6',FirstGold_au
2022-06-22 20:10:53+00:00,1538615323917660160,"b'RT @PeterSchiff: In Dec. of 2017 #Bitcoin hit a high of just below $20K. Bitcoin has been dead ""money"" for the past 4 1/2 years, as its cur\xe2\x80\xa6'",JudithC30164736
2022-06-22 20:10:52+00:00,1538615316452118529,"b'RT @PeterSchiff: In Dec. of 2017 #Bitcoin hit a high of just below $20K. Bitcoin has been dead ""money"" for the past 4 1/2 years, as its cur\xe2\x80\xa6'",ListenUpNZ
2022-06-22 20:09:48+00:00,1538615048456871939,b'https://t.co/PXkKwt1DKx\nFor sale @Namecheap (Only $79 for 7 days)\n\n#Metaverse  #BrandName #domain #domains\xe2\x80\xa6 https://t.co/xZKthBkJ0c',Heshamsalem156
2022-06-22 20:09:44+00:00,1538615031407202304,b'RT @FGMR: The excuses have already started. Another #FederalReserve induced #boom is turning into the inevitable #bust &amp; the #Fed knows wha\xe2\x80\xa6',FirstGold_au
2022-06-22 20:08:18+00:00,1538614670923137024,b'RT @maneco1964: #Gold as an #inflation hedge in 2022: +3% YTD\n#Bitcoin as an #inflation hedge in 2022: -61% YTD',stephenbwelsh
2022-06-22 20:08:04+00:00,1538614611934687239,b'RT @iGameAPK: Combat Quest MOD APK: Unlimited Diamond/Gold\nhttps://t.co/cCYYc5AlFn\n#combatquest #combatquestmod #combatquestapk #combatques\xe2\x80\xa6',ennomnom
2022-06-22 20:07:23+00:00,1538614439636787200,"b'RT @PeterSchiff: In Dec. of 2017 #Bitcoin hit a high of just below $20K. Bitcoin has been dead ""money"" for the past 4 1/2 years, as its cur\xe2\x80\xa6'",Raid101B
2022-06-22 20:07:17+00:00,1538614415872106496,"b'RT @PeterSchiff: In Dec. of 2017 #Bitcoin hit a high of just below $20K. Bitcoin has been dead ""money"" for the past 4 1/2 years, as its cur\xe2\x80\xa6'",Mk04278717tweet
2022-06-22 20:06:49+00:00,1538614300155183104,b'Combat Quest MOD APK: Unlimited Diamond/Gold\nhttps://t.co/cCYYc5AlFn\n#combatquest #combatquestmod #combatquestapk\xe2\x80\xa6 https://t.co/5Lh2WuM3Qf',iGameAPK
2022-06-22 20:05:36+00:00,1538613991425155078,b'RT @Ingabes: At this time the market is in bull trap period. Gold and Silver are good options now. #gold #silver #bulltrap',Ingabes
2022-06-22 20:04:30+00:00,1538613716102615041,b'RT @VintageSoviet: #Porcelain #vase #Latvian #Vintage  #PorcelainVase with #ornament #white #orange #gold #Home #Decor #Latvia\nhttps://t.co\xe2\x80\xa6',TrueWildernesss
2022-06-22 20:04:25+00:00,1538613693558280194,b'RT @HedgehogTrader: Simon Says.  #GOLD',SilverTrader28
2022-06-22 20:03:34+00:00,1538613481217220608,b'TrollEvents $MDC come from US$ and #Gold based Trolling Nets. Assumptions: Stocks etc with Trend Changes more inter\xe2\x80\xa6 https://t.co/lOqqLnAtgL',TrollColors
2022-06-22 20:03:29+00:00,1538613460359061504,"b'#Gold (XAUUSD, $1,839) presently forming a similar pattern that it formed 15 months ago. \nHaving formed a double bo\xe2\x80\xa6 https://t.co/fgSHvIZ1f9'",hajiyev_rashad
2022-06-22 20:02:56+00:00,1538613319392587776,"b'TrollEvent: TrendilatorA Crossed -3, ; From $MDC, M.D.C. Holdings \xe2\x8c\x98 NYSE:MDC. US$ TrollView Left, #Gold TrollView R\xe2\x80\xa6 https://t.co/sU2b5G5DBP'",TrollColors
2022-06-22 20:02:31+00:00,1538613214618996738,b'RT @Ingabes: At this time the market is in bull trap period. Gold and Silver are good options now. #gold #silver #bulltrap',CureGraze
2022-06-22 20:02:00+00:00,1538613087435104259,"b'RT @SimonDixonTwitt: #Bitcoin is crashing as collateral is liquidating. Traditional finance is not built upon collateral, it\xe2\x80\x99s built upon U\xe2\x80\xa6'",pigialbano
2022-06-22 20:01:52+00:00,1538613052463104001,"b'RT @masque242: Bright white #gold #beige #velvet #mask, #wedding face mask, festive new years mask, shiny velvet mask, taupe mask, #handmad\xe2\x80\xa6'",TrueWildernesss
2022-06-22 20:01:32+00:00,1538612967717101568,"b'RT @SimonDixonTwitt: #Bitcoin is crashing as collateral is liquidating. Traditional finance is not built upon collateral, it\xe2\x80\x99s built upon U\xe2\x80\xa6'",SikhThe10thGate
2022-06-22 20:01:20+00:00,1538612916617895936,b'RT @VintageSoviet: #Porcelain #vase #Latvian #Vintage  #PorcelainVase with #ornament #white #orange #gold #Home #Decor #Latvia\nhttps://t.co\xe2\x80\xa6',SuperSoftKnits
2022-06-22 20:01:14+00:00,1538612893150855171,b'At this time the market is in bull trap period. Gold and Silver are good options now. #gold #silver #bulltrap',Ingabes
2022-06-22 20:00:24+00:00,1538612681892052993,b'Sand Ball\nhttps://t.co/PBs5ZExzNJ\n\n#abstract #background #backgrounds #ball #blue #brown #dust #electric #gold\xe2\x80\xa6 https://t.co/nHNEosUqin',videolib_store
2022-06-22 20:00:21+00:00,1538612669640593408,"b""It's been a hot minute... but IT'S TREAT YO'SELF MONDAY.\n\nYou know this would look good on you.\n\nHK SHOCKER AMP - P\xe2\x80\xa6 https://t.co/FSW9rYchQB""",Paintballshop
2022-06-22 20:00:14+00:00,1538612639898558465,b'RT @maneco1964: #Gold as an #inflation hedge in 2022: +3% YTD\n#Bitcoin as an #inflation hedge in 2022: -61% YTD',Clayton34276863
2022-06-22 19:59:47+00:00,1538612528661422082,b'RT @Don__Crypto__: Active World Club is always one step ahead of everyone else!! Check out #Scrap today!! \xf0\x9f\x8c\x8e\xf0\x9f\x94\xa5 #AWC #Gold #Silver #Crypto',SteevBlake
2022-06-22 19:59:25+00:00,1538612436877643778,"b'RT @masque242: Bright white #gold #beige #velvet #mask, #wedding face mask, festive new years mask, shiny velvet mask, taupe mask, #handmad\xe2\x80\xa6'",SuperSoftKnits
2022-06-22 19:58:41+00:00,1538612252013539328,"b""RT @GoldSilver_com: Preparing for GLOBAL Inflation and the End of the 'Great Moderation'\n\nIn Part 3 of their latest discussion, Mike Malone\xe2\x80\xa6""",mohammed_zahin
2022-06-22 19:58:14+00:00,1538612138079621121,b'RT @PilarCote: New Abstract piece looking for a home! \xf0\x9f\x92\x9c REINVENT ~ Like a phoenix rises out of the ashes ~New beginnings are possible &amp; thi\xe2\x80\xa6',kilsypix
2022-06-22 19:57:31+00:00,1538611956227121152,b'#Bitcoin to #Zero in Oktober at #YomKippur\n\n#btc #Cryptocrash #DebtRelief #debtfree #debt #money #gold #silver\xe2\x80\xa6 https://t.co/IB0QBX9Sft',HannesAntaszek
2022-06-22 19:57:17+00:00,1538611898832371713,b'Go mine some #Gold in #Minecraft @PeterSchiff \xf0\x9f\xa4\xa3\xf0\x9f\xa4\xa3 old man',jawes_17
2022-06-22 19:56:44+00:00,1538611762395860997,"b'RT @DigPerspectives: #Boom #crypto and #gold isn`t about one or the other,it`s about both. Don`t believe it,it`s still true!\n#gold #xrp #xl\xe2\x80\xa6'",XRPlosion
2022-06-22 19:56:32+00:00,1538611710159896578,b'RT @GoldTelegraph_: JANET YELLEN SAYS ELEVATED UNITED STATES INFLATION LOCKED IN FOR THE REST OF 2022\n\n1. \xe2\x80\x9cNo financial crisis in our lifet\xe2\x80\xa6',nanya09323544
2022-06-22 19:55:13+00:00,1538611381141921792,b'RT @Don__Crypto__: Active World Club is always one step ahead of everyone else!! Check out #Scrap today!! \xf0\x9f\x8c\x8e\xf0\x9f\x94\xa5 #AWC #Gold #Silver #Crypto',Milli_2021
2022-06-22 19:55:02+00:00,1538611332970184705,b'Current Silver spot price: $21.72 #silver #gold #silverprice #goldprice 06/19/2022 03:54:39',GoldenStateMint
2022-06-22 19:54:01+00:00,1538611078694940675,b'RT @GoldTelegraph_: JANET YELLEN SAYS ELEVATED UNITED STATES INFLATION LOCKED IN FOR THE REST OF 2022\n\n1. \xe2\x80\x9cNo financial crisis in our lifet\xe2\x80\xa6',IganZool
2022-06-22 19:53:47+00:00,1538611019030974467,b'I wonder how much crypto fiat rotated into #gold and #silver this weekend? Will team tamp at the CFTC have some problems this evening? \xf0\x9f\xa4\x94',albertherne
2022-06-22 19:53:38+00:00,1538610978971066368,"b'@PeterSchiff In Aug 22th, 2011 #gold hit a high of 1,917. Gold has beem dead money for the past 11 years, as its cu\xe2\x80\xa6 https://t.co/qaMI46kn4D'",machingun67
2022-06-22 19:52:51+00:00,1538610784418275330,"b'RT @GrandmasDowry: Shank Buttons, Old Sewing Buttons, Shoe horse design, Vintage Jacket buttons https://t.co/G8RVPPYTz2 #gold #crochet #pla\xe2\x80\xa6'",SuperSoftKnits
